rcLebanonAA,2017-04-24T08:00:49.000Z,0xf5d9776b58a56f7b5aea9568254e977cff64283d,41783260842,issuer,0xc1736b474ff97c4135b0fe51db4c69047ee4b3fe,41000000011,beneficiary,5005
rcLebanonAA,2017-04-24T08:00:49.000Z,0xf5d9776b58a56f7b5aea9568254e977cff64283d,41783260842,issuer,0x64aa31e60e30e3c94bd85d9c2054eebdf0787829,41000000012,beneficiary,5005
rcLebanonAA,2017-04-24T08:00:49.000Z,0xf5d9776b58a56f7b5aea9568254e977cff64283d,41783260842,issuer,0x4df5982c39df0e216ed70a48912b374cef97b152,41000000013,beneficiary,5005
rcLebanonAA,2017-04-24T08:00:49.000Z,0xf5d9776b58a56f7b5aea9568254e977cff64283d,41783260842,issuer,0x987385dba176c630391d41aa83eaa4f8d23777c6,41000000014,beneficiary,5005
rcLebanonAA,2017-04-24T08:00:49.000Z,0xf5d9776b58a56f7b5aea9568254e977cff64283d,41783260842,issuer,0x08e10af8bcf0cb850b6f659348123cbc9cc42652,41000000015,beneficiary,5005
rcLebanonAA,2017-04-24T08:00:49.000Z,0xf5d9776b58a56f7b5aea9568254e977cff64283d,41783260842,issuer,0x8b26fee8c5673869a9d7c4cdc66ea2588e886467,41000000016,beneficiary,5005
rcLebanonAA,2017-04-24T08:00:49.000Z,0xf5d9776b58a56f7b5aea9568254e977cff64283d,41783260842,issuer,0x4bc31dbab91cb828baaa1c73d4f4bb957924f97f,41000000017,beneficiary,5005
rcLebanonAA,2017-04-24T08:00:49.000Z,0xf5d9776b58a56f7b5aea9568254e977cff64283d,41783260842,issuer,0x888d4ee31ff233e9cf50c0850d2dbc1650bbb198,41000000018,beneficiary,5005
rcLebanonAA,2017-04-24T08:00:49.000Z,0xf5d9776b58a56f7b5aea9568254e977cff64283d,41783260842,issuer,0xc386cb1f1a555d222bcdc90a03e1686632a44ec3,41000000019,beneficiary,5005
rcLebanonAA,2017-04-24T08:00:49.000Z,0xf5d9776b58a56f7b5aea9568254e977cff64283d,41783260842,issuer,0x048fd82169bd29634b5d67acdf5c6184d1901ce7,41000000020,beneficiary,5005
rcLebanonAA,2017-04-24T08:00:49.000Z,0xf5d9776b58a56f7b5aea9568254e977cff64283d,41783260842,issuer,0xadbd8912042146b1eac6856a393e52c1cef79327,41000000021,beneficiary,5005
rcLebanonAA,2017-04-24T08:00:49.000Z,0xf5d9776b58a56f7b5aea9568254e977cff64283d,41783260842,issuer,0x0f832bc6ee10ab5a476d0415379ff8b61858eac6,41000000022,beneficiary,5005
rcLebanonAA,2017-04-24T08:01:14.000Z,0xf5d9776b58a56f7b5aea9568254e977cff64283d,41783260842,issuer,0x838b3dbbeb5f2ad8aa3295a21cc3fa866e0b395a,41000000023,beneficiary,5005
rcLebanonAA,2017-04-24T08:01:14.000Z,0xf5d9776b58a56f7b5aea9568254e977cff64283d,41783260842,issuer,0x1da716899b9bbe1d935971fc2eaa543cea927895,41000000024,beneficiary,5005
rcLebanonAA,2017-04-24T08:01:14.000Z,0xf5d9776b58a56f7b5aea9568254e977cff64283d,41783260842,issuer,0xb41d12e813a24b373f0e9bfe4382badca0b09e0a,41000000025,beneficiary,5005
rcLebanonAA,2017-04-24T08:01:14.000Z,0xf5d9776b58a56f7b5aea9568254e977cff64283d,41783260842,issuer,0x01f35fec6f655332cafcbdf384f695eeb47a1771,41000000026,beneficiary,5005
rcLebanonAA,2017-04-24T08:01:14.000Z,0xf5d9776b58a56f7b5aea9568254e977cff64283d,41783260842,issuer,0x590f52c9d895c1f2c905adbdd4762c3a5d4fe63c,41000000027,beneficiary,5005
rcLebanonAA,2017-04-24T08:01:14.000Z,0xf5d9776b58a56f7b5aea9568254e977cff64283d,41783260842,issuer,0xe541b078f0b0bd7e6d89b904a6a0619b1ba79525,41000000028,beneficiary,5005
rcLebanonAA,2017-04-24T08:02:03.000Z,0xf5d9776b58a56f7b5aea9568254e977cff64283d,41783260842,issuer,0xe4a8e3cd2f9cd4214f02d6e1d725656f1f33e038,41000000035,beneficiary,5005
rcLebanonAA,2017-04-24T08:02:03.000Z,0xf5d9776b58a56f7b5aea9568254e977cff64283d,41783260842,issuer,0xd1332c2ce50ac3a9be37119450f1ee909d271052,41000000036,beneficiary,5005
rcLebanonAA,2017-04-24T08:02:03.000Z,0xf5d9776b58a56f7b5aea9568254e977cff64283d,41783260842,issuer,0xa100453eabecca24d252e1c98ae8406ae81e1b27,41000000037,beneficiary,5005
rcLebanonAA,2017-04-24T08:02:03.000Z,0xf5d9776b58a56f7b5aea9568254e977cff64283d,41783260842,issuer,0x084629cf3f5cbc6f37f2a8f7ce4bc4555802ea76,41000000038,beneficiary,5005
rcLebanonAA,2017-04-24T08:02:06.000Z,0xf5d9776b58a56f7b5aea9568254e977cff64283d,41783260842,issuer,0x6014216007f628e33bfc71120d1cf7e95e740784,41000000039,beneficiary,5005
rcLebanonAA,2017-04-24T08:02:06.000Z,0xf5d9776b58a56f7b5aea9568254e977cff64283d,41783260842,issuer,0xa8f07d33ec898608b843e7851bf86563f2a30a14,41000000040,beneficiary,5005
rcLebanonAA,2017-04-24T08:02:17.000Z,0xf5d9776b58a56f7b5aea9568254e977cff64283d,41783260842,issuer,0x36636976ba79a73a799dbb4ff85b738001b2dbaf,41000000041,beneficiary,5005
rcLebanonAA,2017-04-24T08:02:17.000Z,0xf5d9776b58a56f7b5aea9568254e977cff64283d,41783260842,issuer,0x892c2c4458d93b5a1d182ccfb7c2fd6268853885,41000000042,beneficiary,5005
rcLebanonAA,2017-04-24T08:02:49.000Z,0xf5d9776b58a56f7b5aea9568254e977cff64283d,41783260842,issuer,0x4e3a6652a4aa17242de782f40fa5195eabecd529,41000000043,beneficiary,5005
rcLebanonAA,2017-04-24T08:02:49.000Z,0xf5d9776b58a56f7b5aea9568254e977cff64283d,41783260842,issuer,0xc63967a47ec82e6a9945cd693ed645820f92cc33,41000000044,beneficiary,5005
rcLebanonAA,2017-04-24T08:02:49.000Z,0xf5d9776b58a56f7b5aea9568254e977cff64283d,41783260842,issuer,0x1e4ffaf2ec8172b9af8ecb4a5c65fa2f97de187d,41000000045,beneficiary,5005
rcLebanonAA,2017-04-24T08:02:49.000Z,0xf5d9776b58a56f7b5aea9568254e977cff64283d,41783260842,issuer,0xee6ed82305e5cca6b14e9fc719c858a25a538654,41000000046,beneficiary,5005
rcLebanonAA,2017-04-24T08:02:49.000Z,0xf5d9776b58a56f7b5aea9568254e977cff64283d,41783260842,issuer,0x459707317d953bff478009cee38859c6e22ad7fa,41000000047,beneficiary,5005
rcLebanonAA,2017-04-24T08:02:49.000Z,0xf5d9776b58a56f7b5aea9568254e977cff64283d,41783260842,issuer,0x2e7d28c289540a303b687fb410b45e2c6883cf7e,41000000048,beneficiary,5005
rcLebanonAA,2017-04-24T08:02:49.000Z,0xf5d9776b58a56f7b5aea9568254e977cff64283d,41783260842,issuer,0xe2ff12a02dab583f14107e0f4eb0dda708c71ea1,41000000049,beneficiary,5005
rcLebanonAA,2017-04-24T08:03:30.000Z,0xf5d9776b58a56f7b5aea9568254e977cff64283d,41783260842,issuer,0x21a9ea1569ab055ed416fa74710d103553e645bb,41000000050,beneficiary,5005
rcLebanonAA,2017-04-24T08:03:30.000Z,0xf5d9776b58a56f7b5aea9568254e977cff64283d,41783260842,issuer,0xf2c1cdd995ae0c165af2927b234d89c53f7dad03,41000000051,beneficiary,5005
rcLebanonAA,2017-04-24T08:03:30.000Z,0xf5d9776b58a56f7b5aea9568254e977cff64283d,41783260842,issuer,0xa9ad20615ba68c3e8fc549dd8b34854b8105cca2,41000000052,beneficiary,5005
rcLebanonAA,2017-04-24T08:03:30.000Z,0xf5d9776b58a56f7b5aea9568254e977cff64283d,41783260842,issuer,0xfdc9a5fe2466fed062e4485bc83a4e10214bef24,41000000053,beneficiary,5005
rcLebanonAA,2017-04-24T08:03:30.000Z,0xf5d9776b58a56f7b5aea9568254e977cff64283d,41783260842,issuer,0xdc858c3916b849618f13c33b90e02c1e62b30177,41000000054,beneficiary,5005
rcLebanonAA,2017-04-24T08:03:30.000Z,0xf5d9776b58a56f7b5aea9568254e977cff64283d,41783260842,issuer,0xd3828b61c8c9429822e449a82307a34cae14788d,41000000055,beneficiary,5005
rcLebanonAA,2017-04-24T08:03:30.000Z,0xf5d9776b58a56f7b5aea9568254e977cff64283d,41783260842,issuer,0xf65ece0f42930c244f0c5c1afba567ae43f70888,41000000056,beneficiary,5005
rcLebanonAA,2017-04-24T08:03:30.000Z,0xf5d9776b58a56f7b5aea9568254e977cff64283d,41783260842,issuer,0xad9e330fee8d45565e9b9183dfebc70aa3d06533,41000000057,beneficiary,5005
rcLebanonAA,2017-04-24T08:03:30.000Z,0xf5d9776b58a56f7b5aea9568254e977cff64283d,41783260842,issuer,0x866ebb41c48edacb267bd5469a330e6061c3bc5c,41000000058,beneficiary,5005
rcLebanonAA,2017-04-24T08:03:38.000Z,0xf5d9776b58a56f7b5aea9568254e977cff64283d,41783260842,issuer,0xec9ad4fa6e0e174476cd3d3f1d521d6a5ed44247,41000000059,beneficiary,5005
rcLebanonAA,2017-04-24T08:03:38.000Z,0xf5d9776b58a56f7b5aea9568254e977cff64283d,41783260842,issuer,0xa52ed585a3db00bfb2401da059a20da9d9157e17,41000000060,beneficiary,5005
rcLebanonAA,2017-04-24T08:03:40.000Z,0xf5d9776b58a56f7b5aea9568254e977cff64283d,41783260842,issuer,0x64f44f847bafbf3009d73dcf87bf73cde7d60373,41000000061,beneficiary,5005
rcLebanonAA,2017-04-24T08:04:12.000Z,0xf5d9776b58a56f7b5aea9568254e977cff64283d,41783260842,issuer,0x3ad1e94b8fbb29c11eb6e7e6fa4b1146928e0db8,41000000062,beneficiary,5005
rcLebanonAA,2017-04-24T08:04:12.000Z,0xf5d9776b58a56f7b5aea9568254e977cff64283d,41783260842,issuer,0xd4d589efc093e76cf973831a19014414fd9f9023,41000000063,beneficiary,5005
rcLebanonAA,2017-04-24T08:04:12.000Z,0xf5d9776b58a56f7b5aea9568254e977cff64283d,41783260842,issuer,0x0511a34ffa145fe6fcbdc13e2d260f6defac52f1,41000000064,beneficiary,5005
rcLebanonAA,2017-04-24T08:04:12.000Z,0xf5d9776b58a56f7b5aea9568254e977cff64283d,41783260842,issuer,0x1508d05272fdc61ffe59136ae69dd3fe89e652aa,41000000066,beneficiary,5005
rcLebanonAA,2017-04-24T08:04:12.000Z,0xf5d9776b58a56f7b5aea9568254e977cff64283d,41783260842,issuer,0xcea3a1d2ed65dc80a8925974b60348a0c57f8f99,41000000067,beneficiary,5005
rcLebanonAA,2017-04-24T08:04:26.000Z,0xf5d9776b58a56f7b5aea9568254e977cff64283d,41783260842,issuer,0x15a5fbcfa938bb48bb702bf8dbd8512d96c951ee,41000000068,beneficiary,5005
rcLebanonAA,2017-04-24T08:04:26.000Z,0xf5d9776b58a56f7b5aea9568254e977cff64283d,41783260842,issuer,0x9c9932ad6f0205350e30fdc48e76014d1613059f,41000000069,beneficiary,5005
rcLebanonAA,2017-04-24T08:04:43.000Z,0xf5d9776b58a56f7b5aea9568254e977cff64283d,41783260842,issuer,0x03182e808e79943f4f6b77bca55791964ca4c9dd,41000000071,beneficiary,5005
rcLebanonAA,2017-04-24T08:04:43.000Z,0xf5d9776b58a56f7b5aea9568254e977cff64283d,41783260842,issuer,0x5cf26741a38806a3767adc269dfd5d5bd38be706,41000000072,beneficiary,5005
rcLebanonAA,2017-04-24T08:04:43.000Z,0xf5d9776b58a56f7b5aea9568254e977cff64283d,41783260842,issuer,0x18bad7285915518500fb03bb631353eb5fc6d9e1,41000000073,beneficiary,5005
rcLebanonAA,2017-04-24T08:04:53.000Z,0xf5d9776b58a56f7b5aea9568254e977cff64283d,41783260842,issuer,0x389a9c49b165ee0d0d22eb535a567c1efc3d47f2,41000000075,beneficiary,5005
rcLebanonAA,2017-04-24T08:04:53.000Z,0xf5d9776b58a56f7b5aea9568254e977cff64283d,41783260842,issuer,0x93a20181a3a317e477aded569e3bd64aae3b5805,41000000076,beneficiary,5005
rcLebanonAA,2017-04-24T08:05:02.000Z,0xf5d9776b58a56f7b5aea9568254e977cff64283d,41783260842,issuer,0xba1633dba5a7a0e96f4378c005db0a88e3c1ee81,41000000077,beneficiary,5005
rcLebanonAA,2017-04-24T08:05:02.000Z,0xf5d9776b58a56f7b5aea9568254e977cff64283d,41783260842,issuer,0x85ecb7702122b0ec0d316af7b42d95bc4f380f43,41000000078,beneficiary,5005
rcLebanonAA,2017-04-24T08:05:02.000Z,0xf5d9776b58a56f7b5aea9568254e977cff64283d,41783260842,issuer,0xf93248244aec8846ca48d143843f5854eb79a0cb,41000000079,beneficiary,5005
rcLebanonAA,2017-04-24T08:05:19.000Z,0xf5d9776b58a56f7b5aea9568254e977cff64283d,41783260842,issuer,0xa3486a69e2a57c809b5717eb7f94c766ddc8d040,41000000080,beneficiary,5005
rcLebanonAA,2017-04-24T08:05:19.000Z,0xf5d9776b58a56f7b5aea9568254e977cff64283d,41783260842,issuer,0xd7560c0879ecfcd6deeb0c65f84f704942520fbf,41000000081,beneficiary,5005
rcLebanonAA,2017-04-24T08:05:19.000Z,0xf5d9776b58a56f7b5aea9568254e977cff64283d,41783260842,issuer,0x736c679ea2ce04e8c61eca6c39a7c928f3ed49cd,41000000082,beneficiary,5005
rcLebanonAA,2017-04-24T08:05:29.000Z,0xf5d9776b58a56f7b5aea9568254e977cff64283d,41783260842,issuer,0xdecc1cb1387e571999ad8faef78f86f2cc2cee74,41000000083,beneficiary,5005
rcLebanonAA,2017-04-24T08:05:29.000Z,0xf5d9776b58a56f7b5aea9568254e977cff64283d,41783260842,issuer,0x2a7d90f960eaa399ddf76a26818f56f98bf3ec2c,41000000084,beneficiary,5005
rcLebanonAA,2017-04-24T08:05:29.000Z,0xf5d9776b58a56f7b5aea9568254e977cff64283d,41783260842,issuer,0xa2fe6da19611c46ca96e80d143cbcc125e569ffd,41000000085,beneficiary,5005
rcLebanonAA,2017-04-24T08:06:08.000Z,0xf5d9776b58a56f7b5aea9568254e977cff64283d,41783260842,issuer,0xaade0e5b33fbacd94a99ffa086052744976b17e0,41000000086,beneficiary,5005
rcLebanonAA,2017-04-24T08:06:08.000Z,0xf5d9776b58a56f7b5aea9568254e977cff64283d,41783260842,issuer,0xb033efb213d7c84ed879f4ab549f9bede262e258,41000000087,beneficiary,5005
rcLebanonAA,2017-04-24T08:06:08.000Z,0xf5d9776b58a56f7b5aea9568254e977cff64283d,41783260842,issuer,0xf0fe752bd3a150e93274d5f5c5d551a682da166c,41000000088,beneficiary,5005
rcLebanonAA,2017-04-24T08:06:08.000Z,0xf5d9776b58a56f7b5aea9568254e977cff64283d,41783260842,issuer,0x52f3ca04a4fcea2e2e95e99fd3ccd9c4572fc1f9,41000000089,beneficiary,5005
rcLebanonAA,2017-04-24T08:06:08.000Z,0xf5d9776b58a56f7b5aea9568254e977cff64283d,41783260842,issuer,0x2e8a4d3cce2f75323a06c16dd7c86e3b9145fa7b,41000000090,beneficiary,5005
rcLebanonAA,2017-04-24T08:06:08.000Z,0xf5d9776b58a56f7b5aea9568254e977cff64283d,41783260842,issuer,0x39fe8aa20ef17b2a7c9c605e80b0562eacf73b6e,41000000091,beneficiary,5005
rcLebanonAA,2017-04-24T08:06:08.000Z,0xf5d9776b58a56f7b5aea9568254e977cff64283d,41783260842,issuer,0x68f70597203fb22e29da24436a621e622fa8d4b3,41000000092,beneficiary,5005
rcLebanonAA,2017-04-24T08:06:08.000Z,0xf5d9776b58a56f7b5aea9568254e977cff64283d,41783260842,issuer,0x80f9c2c776a1ecc436d8c80393419bcf144bec7c,41000000093,beneficiary,5005
rcLebanonAA,2017-04-24T08:06:08.000Z,0xf5d9776b58a56f7b5aea9568254e977cff64283d,41783260842,issuer,0x54761d22093aebc542107d143d6ff2b1bff4c8c0,41000000094,beneficiary,5005
rcLebanonAA,2017-04-24T08:07:08.000Z,0xf5d9776b58a56f7b5aea9568254e977cff64283d,41783260842,issuer,0x4acc1a4caef311debe3ccb878065e8e7d07462b8,41000000095,beneficiary,5005
rcLebanonAA,2017-04-24T08:07:08.000Z,0xf5d9776b58a56f7b5aea9568254e977cff64283d,41783260842,issuer,0x06db6a53ddf35aa6177a3a1f2a2da7be6fb6cb50,41000000096,beneficiary,5005
rcLebanonAA,2017-04-24T08:07:08.000Z,0xf5d9776b58a56f7b5aea9568254e977cff64283d,41783260842,issuer,0xdc6b0f39c8f7ee96d9017cb991def306e8706c8c,41000000097,beneficiary,5005
rcLebanonAA,2017-04-24T08:07:08.000Z,0xf5d9776b58a56f7b5aea9568254e977cff64283d,41783260842,issuer,0x2daf53521c778f8dba7f63e93415354e9936fc06,41000000098,beneficiary,5005
rcLebanonAA,2017-04-24T08:07:08.000Z,0xf5d9776b58a56f7b5aea9568254e977cff64283d,41783260842,issuer,0x116e1be7c92286c7dad93377c8bada9a7e717b34,41000000099,beneficiary,5005
rcLebanonAA,2017-04-24T08:07:08.000Z,0xf5d9776b58a56f7b5aea9568254e977cff64283d,41783260842,issuer,0x7cbc155b066005afa037918f130ad32fd0994836,41000000100,beneficiary,5005
rcLebanonAA,2017-04-24T09:00:23.000Z,0xee6ed82305e5cca6b14e9fc719c858a25a538654,41000000046,beneficiary,0xf26f28656403db168a96c3e2f06a663d101afa4b,41000000002,merchant,112
rcLebanonAA,2017-04-24T09:01:19.000Z,0x866ebb41c48edacb267bd5469a330e6061c3bc5c,41000000058,beneficiary,0x9cf3ccb7dda01a0c355bf32209d65031eae8a5f1,41000000004,merchant,48
rcLebanonAA,2017-04-24T09:01:50.000Z,0x0511a34ffa145fe6fcbdc13e2d260f6defac52f1,41000000064,beneficiary,0x9d673ef4d2125ad125b5d05cfaa44d167b002d1f,41000000005,merchant,45
rcLebanonAA,2017-04-24T09:02:31.000Z,0x36636976ba79a73a799dbb4ff85b738001b2dbaf,41000000041,beneficiary,0xf26f28656403db168a96c3e2f06a663d101afa4b,41000000002,merchant,238
rcLebanonAA,2017-04-24T09:03:01.000Z,0xdf28c26ca7b86294f489a3571220a78efe8a18b3,41000000074,beneficiary,0x9d673ef4d2125ad125b5d05cfaa44d167b002d1f,41000000005,merchant,280
rcLebanonAA,2017-04-24T09:04:28.000Z,0x36636976ba79a73a799dbb4ff85b738001b2dbaf,41000000041,beneficiary,0x52c62806a4c1bb3b6e82e3560be0769828324087,41000000010,merchant,580
rcLebanonAA,2017-04-24T09:05:21.000Z,0xf0fe752bd3a150e93274d5f5c5d551a682da166c,41000000088,beneficiary,0xe5c145741a2180b1fa735721000c7c29d57852c5,41000000007,merchant,257
rcLebanonAA,2017-04-24T09:06:14.000Z,0xa100453eabecca24d252e1c98ae8406ae81e1b27,41000000037,beneficiary,0xe5c145741a2180b1fa735721000c7c29d57852c5,41000000007,merchant,479
rcLebanonAA,2017-04-24T09:07:33.000Z,0x892c2c4458d93b5a1d182ccfb7c2fd6268853885,41000000042,beneficiary,0x269c4e961d284fbbf5f4eeba24da55ed87014bca,41000000001,merchant,250
rcLebanonAA,2017-04-24T09:07:33.000Z,0x892c2c4458d93b5a1d182ccfb7c2fd6268853885,41000000042,beneficiary,0x9d673ef4d2125ad125b5d05cfaa44d167b002d1f,41000000005,merchant,492
rcLebanonAA,2017-04-24T09:08:24.000Z,0xba1633dba5a7a0e96f4378c005db0a88e3c1ee81,41000000077,beneficiary,0x9d673ef4d2125ad125b5d05cfaa44d167b002d1f,41000000005,merchant,365
rcLebanonAA,2017-04-24T09:08:43.000Z,0xee6ed82305e5cca6b14e9fc719c858a25a538654,41000000046,beneficiary,0x57679ba21b6a0b856ef4ee09e0b9c115e71edf4c,41000000006,merchant,486
rcLebanonAA,2017-04-24T09:09:16.000Z,0xf0fe752bd3a150e93274d5f5c5d551a682da166c,41000000088,beneficiary,0x57679ba21b6a0b856ef4ee09e0b9c115e71edf4c,41000000006,merchant,219
rcLebanonAA,2017-04-24T09:10:33.000Z,0xc386cb1f1a555d222bcdc90a03e1686632a44ec3,41000000019,beneficiary,0x57679ba21b6a0b856ef4ee09e0b9c115e71edf4c,41000000006,merchant,157
rcLebanonAA,2017-04-24T09:10:33.000Z,0x888d4ee31ff233e9cf50c0850d2dbc1650bbb198,41000000018,beneficiary,0x4d8cdedde23c6eabebb0006f828c65329fadad9b,41000000008,merchant,171
rcLebanonAA,2017-04-24T09:10:42.000Z,0x68f70597203fb22e29da24436a621e622fa8d4b3,41000000092,beneficiary,0x9cf3ccb7dda01a0c355bf32209d65031eae8a5f1,41000000004,merchant,591
rcLebanonAA,2017-04-24T09:12:03.000Z,0xf65ece0f42930c244f0c5c1afba567ae43f70888,41000000056,beneficiary,0x36d28f184dc8248df4ca411212e6d3ed25da5209,41000000003,merchant,330
rcLebanonAA,2017-04-24T09:12:03.000Z,0x1508d05272fdc61ffe59136ae69dd3fe89e652aa,41000000066,beneficiary,0x52c62806a4c1bb3b6e82e3560be0769828324087,41000000010,merchant,84
rcLebanonAA,2017-04-24T09:12:03.000Z,0x4bc31dbab91cb828baaa1c73d4f4bb957924f97f,41000000017,beneficiary,0x4d8cdedde23c6eabebb0006f828c65329fadad9b,41000000008,merchant,519
rcLebanonAA,2017-04-24T10:00:23.000Z,0x1da716899b9bbe1d935971fc2eaa543cea927895,41000000024,beneficiary,0x9cf3ccb7dda01a0c355bf32209d65031eae8a5f1,41000000004,merchant,212
rcLebanonAA,2017-04-24T10:00:59.000Z,0x2daf53521c778f8dba7f63e93415354e9936fc06,41000000098,beneficiary,0xe5c145741a2180b1fa735721000c7c29d57852c5,41000000007,merchant,321
rcLebanonAA,2017-04-24T10:01:25.000Z,0xa3486a69e2a57c809b5717eb7f94c766ddc8d040,41000000080,beneficiary,0x9cf3ccb7dda01a0c355bf32209d65031eae8a5f1,41000000004,merchant,92
rcLebanonAA,2017-04-24T10:02:10.000Z,0x1da716899b9bbe1d935971fc2eaa543cea927895,41000000024,beneficiary,0xe5c145741a2180b1fa735721000c7c29d57852c5,41000000007,merchant,89
rcLebanonAA,2017-04-24T10:02:57.000Z,0xa100453eabecca24d252e1c98ae8406ae81e1b27,41000000037,beneficiary,0x9cf3ccb7dda01a0c355bf32209d65031eae8a5f1,41000000004,merchant,210
rcLebanonAA,2017-04-24T10:04:06.000Z,0x2a7d90f960eaa399ddf76a26818f56f98bf3ec2c,41000000084,beneficiary,0xe5c145741a2180b1fa735721000c7c29d57852c5,41000000007,merchant,70
rcLebanonAA,2017-04-24T10:04:06.000Z,0x68f70597203fb22e29da24436a621e622fa8d4b3,41000000092,beneficiary,0xe5c145741a2180b1fa735721000c7c29d57852c5,41000000007,merchant,419
rcLebanonAA,2017-04-24T10:08:29.000Z,0x590f52c9d895c1f2c905adbdd4762c3a5d4fe63c,41000000027,beneficiary,0x7476ddf4b47dec73b1fe6c8ef117253091fb7188,41000000009,merchant,498
rcLebanonAA,2017-04-24T10:08:43.000Z,0xec9ad4fa6e0e174476cd3d3f1d521d6a5ed44247,41000000059,beneficiary,0x9cf3ccb7dda01a0c355bf32209d65031eae8a5f1,41000000004,merchant,257
rcLebanonAA,2017-04-24T10:09:53.000Z,0x3cfe13231a367243da3d53fdbaadb42a4e79822b,41000000031,beneficiary,0x9d673ef4d2125ad125b5d05cfaa44d167b002d1f,41000000005,merchant,196
rcLebanonAA,2017-04-24T10:10:43.000Z,0x2daf53521c778f8dba7f63e93415354e9936fc06,41000000098,beneficiary,0x57679ba21b6a0b856ef4ee09e0b9c115e71edf4c,41000000006,merchant,462
rcLebanonAA,2017-04-24T10:12:12.000Z,0xb41d12e813a24b373f0e9bfe4382badca0b09e0a,41000000025,beneficiary,0xf26f28656403db168a96c3e2f06a663d101afa4b,41000000002,merchant,265
rcLebanonAA,2017-04-24T11:01:02.000Z,0x3ad1e94b8fbb29c11eb6e7e6fa4b1146928e0db8,41000000062,beneficiary,0x4d8cdedde23c6eabebb0006f828c65329fadad9b,41000000008,merchant,415
rcLebanonAA,2017-04-24T11:01:42.000Z,0xf2c1cdd995ae0c165af2927b234d89c53f7dad03,41000000051,beneficiary,0x9cf3ccb7dda01a0c355bf32209d65031eae8a5f1,41000000004,merchant,318
rcLebanonAA,2017-04-24T11:08:50.000Z,0x3cfe13231a367243da3d53fdbaadb42a4e79822b,41000000031,beneficiary,0x4d8cdedde23c6eabebb0006f828c65329fadad9b,41000000008,merchant,477
rcLebanonAA,2017-04-24T11:10:00.000Z,0xfdc9a5fe2466fed062e4485bc83a4e10214bef24,41000000053,beneficiary,0x4d8cdedde23c6eabebb0006f828c65329fadad9b,41000000008,merchant,156
rcLebanonAA,2017-04-24T11:11:47.000Z,0xc63967a47ec82e6a9945cd693ed645820f92cc33,41000000044,beneficiary,0x269c4e961d284fbbf5f4eeba24da55ed87014bca,41000000001,merchant,413
rcLebanonAA,2017-04-24T11:11:47.000Z,0xba1633dba5a7a0e96f4378c005db0a88e3c1ee81,41000000077,beneficiary,0x7476ddf4b47dec73b1fe6c8ef117253091fb7188,41000000009,merchant,14
rcLebanonAA,2017-04-24T11:12:13.000Z,0x459707317d953bff478009cee38859c6e22ad7fa,41000000047,beneficiary,0xf26f28656403db168a96c3e2f06a663d101afa4b,41000000002,merchant,484
rcLebanonAA,2017-04-24T11:13:06.000Z,0x0f832bc6ee10ab5a476d0415379ff8b61858eac6,41000000022,beneficiary,0x9cf3ccb7dda01a0c355bf32209d65031eae8a5f1,41000000004,merchant,53
rcLebanonAA,2017-04-24T12:00:32.000Z,0x3cfe13231a367243da3d53fdbaadb42a4e79822b,41000000031,beneficiary,0x269c4e961d284fbbf5f4eeba24da55ed87014bca,41000000001,merchant,444
rcLebanonAA,2017-04-24T12:01:03.000Z,0x459707317d953bff478009cee38859c6e22ad7fa,41000000047,beneficiary,0xf26f28656403db168a96c3e2f06a663d101afa4b,41000000002,merchant,80
rcLebanonAA,2017-04-24T12:02:14.000Z,0xa52ed585a3db00bfb2401da059a20da9d9157e17,41000000060,beneficiary,0xf26f28656403db168a96c3e2f06a663d101afa4b,41000000002,merchant,471
rcLebanonAA,2017-04-24T12:03:16.000Z,0x4acc1a4caef311debe3ccb878065e8e7d07462b8,41000000095,beneficiary,0x52c62806a4c1bb3b6e82e3560be0769828324087,41000000010,merchant,126
rcLebanonAA,2017-04-24T12:03:30.000Z,0xc386cb1f1a555d222bcdc90a03e1686632a44ec3,41000000019,beneficiary,0xf26f28656403db168a96c3e2f06a663d101afa4b,41000000002,merchant,135
rcLebanonAA,2017-04-24T12:04:25.000Z,0x838b3dbbeb5f2ad8aa3295a21cc3fa866e0b395a,41000000023,beneficiary,0x9d673ef4d2125ad125b5d05cfaa44d167b002d1f,41000000005,merchant,563
rcLebanonAA,2017-04-24T12:04:25.000Z,0x2a7d90f960eaa399ddf76a26818f56f98bf3ec2c,41000000084,beneficiary,0x7476ddf4b47dec73b1fe6c8ef117253091fb7188,41000000009,merchant,324
rcLebanonAA,2017-04-24T12:04:40.000Z,0xc1736b474ff97c4135b0fe51db4c69047ee4b3fe,41000000011,beneficiary,0x52c62806a4c1bb3b6e82e3560be0769828324087,41000000010,merchant,82
rcLebanonAA,2017-04-24T12:05:17.000Z,0x18bad7285915518500fb03bb631353eb5fc6d9e1,41000000073,beneficiary,0x4d8cdedde23c6eabebb0006f828c65329fadad9b,41000000008,merchant,172
rcLebanonAA,2017-04-24T12:05:36.000Z,0xadbd8912042146b1eac6856a393e52c1cef79327,41000000021,beneficiary,0x52c62806a4c1bb3b6e82e3560be0769828324087,41000000010,merchant,486
rcLebanonAA,2017-04-24T12:06:24.000Z,0xe2ff12a02dab583f14107e0f4eb0dda708c71ea1,41000000049,beneficiary,0xf26f28656403db168a96c3e2f06a663d101afa4b,41000000002,merchant,562
rcLebanonAA,2017-04-24T12:06:58.000Z,0xba1633dba5a7a0e96f4378c005db0a88e3c1ee81,41000000077,beneficiary,0x52c62806a4c1bb3b6e82e3560be0769828324087,41000000010,merchant,516
rcLebanonAA,2017-04-24T12:08:13.000Z,0x52f3ca04a4fcea2e2e95e99fd3ccd9c4572fc1f9,41000000089,beneficiary,0xf26f28656403db168a96c3e2f06a663d101afa4b,41000000002,merchant,256
rcLebanonAA,2017-04-24T12:08:28.000Z,0x64aa31e60e30e3c94bd85d9c2054eebdf0787829,41000000012,beneficiary,0x4d8cdedde23c6eabebb0006f828c65329fadad9b,41000000008,merchant,433
rcLebanonAA,2017-04-24T12:09:13.000Z,0x1e4ffaf2ec8172b9af8ecb4a5c65fa2f97de187d,41000000045,beneficiary,0x9cf3ccb7dda01a0c355bf32209d65031eae8a5f1,41000000004,merchant,13
rcLebanonAA,2017-04-24T18:03:01.000Z,0x03182e808e79943f4f6b77bca55791964ca4c9dd,41000000071,beneficiary,0x4d8cdedde23c6eabebb0006f828c65329fadad9b,41000000008,merchant,27
rcLebanonAA,2017-04-24T18:03:15.000Z,0x03182e808e79943f4f6b77bca55791964ca4c9dd,41000000071,beneficiary,0x57679ba21b6a0b856ef4ee09e0b9c115e71edf4c,41000000006,merchant,414
rcLebanonAA,2017-04-24T18:03:45.000Z,0x1da716899b9bbe1d935971fc2eaa543cea927895,41000000024,beneficiary,0x9d673ef4d2125ad125b5d05cfaa44d167b002d1f,41000000005,merchant,474
rcLebanonAA,2017-04-24T18:09:34.000Z,0x4df5982c39df0e216ed70a48912b374cef97b152,41000000013,beneficiary,0x36d28f184dc8248df4ca411212e6d3ed25da5209,41000000003,merchant,376
rcLebanonAA,2017-04-24T17:00:27.000Z,0x116e1be7c92286c7dad93377c8bada9a7e717b34,41000000099,beneficiary,0xf26f28656403db168a96c3e2f06a663d101afa4b,41000000002,merchant,40
rcLebanonAA,2017-04-24T10:06:42.000Z,0xf0fe752bd3a150e93274d5f5c5d551a682da166c,41000000088,beneficiary,0x52c62806a4c1bb3b6e82e3560be0769828324087,41000000010,merchant,596
rcLebanonAA,2017-04-24T11:07:57.000Z,0x084629cf3f5cbc6f37f2a8f7ce4bc4555802ea76,41000000038,beneficiary,0x9d673ef4d2125ad125b5d05cfaa44d167b002d1f,41000000005,merchant,493
rcLebanonAA,2017-04-24T12:01:58.000Z,0x2e8a4d3cce2f75323a06c16dd7c86e3b9145fa7b,41000000090,beneficiary,0x7476ddf4b47dec73b1fe6c8ef117253091fb7188,41000000009,merchant,164
rcLebanonAA,2017-04-24T17:04:38.000Z,0xc1736b474ff97c4135b0fe51db4c69047ee4b3fe,41000000011,beneficiary,0xf26f28656403db168a96c3e2f06a663d101afa4b,41000000002,merchant,126
rcLebanonAA,2017-04-24T15:12:26.000Z,0x0beff5a039070c5cde5607605814be4ee657256b,41000000030,beneficiary,0x4d8cdedde23c6eabebb0006f828c65329fadad9b,41000000008,merchant,176
rcLebanonAA,2017-04-24T16:03:21.000Z,0x1508d05272fdc61ffe59136ae69dd3fe89e652aa,41000000066,beneficiary,0x52c62806a4c1bb3b6e82e3560be0769828324087,41000000010,merchant,280
rcLebanonAA,2017-04-24T10:06:25.000Z,0x06db6a53ddf35aa6177a3a1f2a2da7be6fb6cb50,41000000096,beneficiary,0x52c62806a4c1bb3b6e82e3560be0769828324087,41000000010,merchant,564
rcLebanonAA,2017-04-24T16:11:07.000Z,0x2e7d28c289540a303b687fb410b45e2c6883cf7e,41000000048,beneficiary,0x4d8cdedde23c6eabebb0006f828c65329fadad9b,41000000008,merchant,283
rcLebanonAA,2017-04-24T17:04:38.000Z,0x21a9ea1569ab055ed416fa74710d103553e645bb,41000000050,beneficiary,0x4d8cdedde23c6eabebb0006f828c65329fadad9b,41000000008,merchant,471
rcLebanonAA,2017-04-24T11:00:20.000Z,0x47a73d4c6197d9a3700b6e87ac17e2f9786c98f0,41000000034,beneficiary,0x7476ddf4b47dec73b1fe6c8ef117253091fb7188,41000000009,merchant,69
rcLebanonAA,2017-04-24T18:02:26.000Z,0xa8f07d33ec898608b843e7851bf86563f2a30a14,41000000040,beneficiary,0xe5c145741a2180b1fa735721000c7c29d57852c5,41000000007,merchant,220
rcLebanonAA,2017-04-24T16:07:07.000Z,0x1da716899b9bbe1d935971fc2eaa543cea927895,41000000024,beneficiary,0x4d8cdedde23c6eabebb0006f828c65329fadad9b,41000000008,merchant,443
rcLebanonAA,2017-04-24T16:02:39.000Z,0x1da716899b9bbe1d935971fc2eaa543cea927895,41000000024,beneficiary,0xf26f28656403db168a96c3e2f06a663d101afa4b,41000000002,merchant,140
rcLebanonAA,2017-04-24T16:07:07.000Z,0x64aa31e60e30e3c94bd85d9c2054eebdf0787829,41000000012,beneficiary,0xe5c145741a2180b1fa735721000c7c29d57852c5,41000000007,merchant,231
rcLebanonAA,2017-04-24T16:10:24.000Z,0x590f52c9d895c1f2c905adbdd4762c3a5d4fe63c,41000000027,beneficiary,0xe5c145741a2180b1fa735721000c7c29d57852c5,41000000007,merchant,569
rcLebanonAA,2017-04-24T16:07:07.000Z,0x9c9932ad6f0205350e30fdc48e76014d1613059f,41000000069,beneficiary,0x52c62806a4c1bb3b6e82e3560be0769828324087,41000000010,merchant,480
rcLebanonAA,2017-04-24T17:04:02.000Z,0x01f35fec6f655332cafcbdf384f695eeb47a1771,41000000026,beneficiary,0x269c4e961d284fbbf5f4eeba24da55ed87014bca,41000000001,merchant,455
rcLebanonAA,2017-04-24T18:09:08.000Z,0xa52ed585a3db00bfb2401da059a20da9d9157e17,41000000060,beneficiary,0x7476ddf4b47dec73b1fe6c8ef117253091fb7188,41000000009,merchant,139
rcLebanonAA,2017-04-24T10:07:33.000Z,0x866ebb41c48edacb267bd5469a330e6061c3bc5c,41000000058,beneficiary,0x9cf3ccb7dda01a0c355bf32209d65031eae8a5f1,41000000004,merchant,292
rcLebanonAA,2017-04-24T10:06:04.000Z,0xd3828b61c8c9429822e449a82307a34cae14788d,41000000055,beneficiary,0xf26f28656403db168a96c3e2f06a663d101afa4b,41000000002,merchant,340
rcLebanonAA,2017-04-24T17:09:54.000Z,0xcbf7d71a4ebd4ca865585a74511d1fc2489211ea,41000000065,beneficiary,0x9cf3ccb7dda01a0c355bf32209d65031eae8a5f1,41000000004,merchant,587
rcLebanonAA,2017-04-24T16:02:16.000Z,0xa52ed585a3db00bfb2401da059a20da9d9157e17,41000000060,beneficiary,0x4d8cdedde23c6eabebb0006f828c65329fadad9b,41000000008,merchant,530
rcLebanonAA,2017-04-24T10:13:10.000Z,0xee6ed82305e5cca6b14e9fc719c858a25a538654,41000000046,beneficiary,0x7476ddf4b47dec73b1fe6c8ef117253091fb7188,41000000009,merchant,110
rcLebanonAA,2017-04-24T16:05:39.000Z,0x0f832bc6ee10ab5a476d0415379ff8b61858eac6,41000000022,beneficiary,0x4d8cdedde23c6eabebb0006f828c65329fadad9b,41000000008,merchant,51
rcLebanonAA,2017-04-24T17:03:28.000Z,0xec9ad4fa6e0e174476cd3d3f1d521d6a5ed44247,41000000059,beneficiary,0x7476ddf4b47dec73b1fe6c8ef117253091fb7188,41000000009,merchant,358
rcLebanonAA,2017-04-24T11:07:24.000Z,0xe2ff12a02dab583f14107e0f4eb0dda708c71ea1,41000000049,beneficiary,0x4d8cdedde23c6eabebb0006f828c65329fadad9b,41000000008,merchant,98
rcLebanonAA,2017-04-24T16:04:42.000Z,0x4bc31dbab91cb828baaa1c73d4f4bb957924f97f,41000000017,beneficiary,0x57679ba21b6a0b856ef4ee09e0b9c115e71edf4c,41000000006,merchant,456
rcLebanonAA,2017-04-24T16:09:38.000Z,0x1e4ffaf2ec8172b9af8ecb4a5c65fa2f97de187d,41000000045,beneficiary,0x9d673ef4d2125ad125b5d05cfaa44d167b002d1f,41000000005,merchant,562
rcLebanonAA,2017-04-24T18:08:41.000Z,0xdc6b0f39c8f7ee96d9017cb991def306e8706c8c,41000000097,beneficiary,0x269c4e961d284fbbf5f4eeba24da55ed87014bca,41000000001,merchant,227
rcLebanonAA,2017-04-24T11:07:24.000Z,0x590f52c9d895c1f2c905adbdd4762c3a5d4fe63c,41000000027,beneficiary,0xf26f28656403db168a96c3e2f06a663d101afa4b,41000000002,merchant,124
rcLebanonAA,2017-04-24T18:01:30.000Z,0x64f44f847bafbf3009d73dcf87bf73cde7d60373,41000000061,beneficiary,0x4d8cdedde23c6eabebb0006f828c65329fadad9b,41000000008,merchant,218
rcLebanonAA,2017-04-24T15:00:33.000Z,0xa52ed585a3db00bfb2401da059a20da9d9157e17,41000000060,beneficiary,0x57679ba21b6a0b856ef4ee09e0b9c115e71edf4c,41000000006,merchant,220
rcLebanonAA,2017-04-24T16:09:38.000Z,0x892c2c4458d93b5a1d182ccfb7c2fd6268853885,41000000042,beneficiary,0x9d673ef4d2125ad125b5d05cfaa44d167b002d1f,41000000005,merchant,190
rcLebanonAA,2017-04-24T18:01:30.000Z,0x987385dba176c630391d41aa83eaa4f8d23777c6,41000000014,beneficiary,0x36d28f184dc8248df4ca411212e6d3ed25da5209,41000000003,merchant,394
rcLebanonAA,2017-04-24T17:02:39.000Z,0x18bad7285915518500fb03bb631353eb5fc6d9e1,41000000073,beneficiary,0x57679ba21b6a0b856ef4ee09e0b9c115e71edf4c,41000000006,merchant,37
rcLebanonAA,2017-04-24T08:02:03.000Z,0xf5d9776b58a56f7b5aea9568254e977cff64283d,41783260842,issuer,0x240bcba2e91ec605d2e1d5368d3a6ab836e0946d,41000000033,beneficiary,5005
rcLebanonAA,2017-04-24T08:02:03.000Z,0xf5d9776b58a56f7b5aea9568254e977cff64283d,41783260842,issuer,0x0024fc81c743093ffe692c99dc989a947076e692,41000000032,beneficiary,5005
rcLebanonAA,2017-04-24T17:02:04.000Z,0x1da716899b9bbe1d935971fc2eaa543cea927895,41000000024,beneficiary,0x7476ddf4b47dec73b1fe6c8ef117253091fb7188,41000000009,merchant,284
rcLebanonAA,2017-04-24T08:02:03.000Z,0xf5d9776b58a56f7b5aea9568254e977cff64283d,41783260842,issuer,0x3cfe13231a367243da3d53fdbaadb42a4e79822b,41000000031,beneficiary,5005
rcLebanonAA,2017-04-24T18:07:23.000Z,0x590f52c9d895c1f2c905adbdd4762c3a5d4fe63c,41000000027,beneficiary,0xe5c145741a2180b1fa735721000c7c29d57852c5,41000000007,merchant,290
rcLebanonAA,2017-04-24T10:13:10.000Z,0xac402571f9ffaa9f3333604439998589de716e85,41000000070,beneficiary,0x7476ddf4b47dec73b1fe6c8ef117253091fb7188,41000000009,merchant,74
rcLebanonAA,2017-04-24T17:02:04.000Z,0x866ebb41c48edacb267bd5469a330e6061c3bc5c,41000000058,beneficiary,0x9d673ef4d2125ad125b5d05cfaa44d167b002d1f,41000000005,merchant,598
rcLebanonAA,2017-04-24T18:07:23.000Z,0x048fd82169bd29634b5d67acdf5c6184d1901ce7,41000000020,beneficiary,0xe5c145741a2180b1fa735721000c7c29d57852c5,41000000007,merchant,123
rcLebanonAA,2017-04-24T08:04:26.000Z,0xf5d9776b58a56f7b5aea9568254e977cff64283d,41783260842,issuer,0xac402571f9ffaa9f3333604439998589de716e85,41000000070,beneficiary,5005
rcLebanonAA,2017-04-24T08:02:03.000Z,0xf5d9776b58a56f7b5aea9568254e977cff64283d,41783260842,issuer,0x0beff5a039070c5cde5607605814be4ee657256b,41000000030,beneficiary,5005
rcLebanonAA,2017-04-24T08:02:03.000Z,0xf5d9776b58a56f7b5aea9568254e977cff64283d,41783260842,issuer,0x0dfa0c30a2933cc460e0e2ceba5b4011f27cc844,41000000029,beneficiary,5005
rcLebanonAA,2017-04-24T18:07:47.000Z,0x21a9ea1569ab055ed416fa74710d103553e645bb,41000000050,beneficiary,0xe5c145741a2180b1fa735721000c7c29d57852c5,41000000007,merchant,61
rcLebanonAA,2017-04-24T18:03:45.000Z,0x3ad1e94b8fbb29c11eb6e7e6fa4b1146928e0db8,41000000062,beneficiary,0x52c62806a4c1bb3b6e82e3560be0769828324087,41000000010,merchant,223
rcLebanonAA,2017-04-24T17:09:54.000Z,0xdc858c3916b849618f13c33b90e02c1e62b30177,41000000054,beneficiary,0x9d673ef4d2125ad125b5d05cfaa44d167b002d1f,41000000005,merchant,550
rcLebanonAA,2017-04-24T16:07:07.000Z,0x1508d05272fdc61ffe59136ae69dd3fe89e652aa,41000000066,beneficiary,0x269c4e961d284fbbf5f4eeba24da55ed87014bca,41000000001,merchant,444
rcLebanonAA,2017-04-24T08:04:53.000Z,0xf5d9776b58a56f7b5aea9568254e977cff64283d,41783260842,issuer,0xdf28c26ca7b86294f489a3571220a78efe8a18b3,41000000074,beneficiary,5005
rcLebanonAA,2017-04-25T06:02:16.000Z,0x240bcba2e91ec605d2e1d5368d3a6ab836e0946d,41000000033,beneficiary,0x9d673ef4d2125ad125b5d05cfaa44d167b002d1f,41000000005,merchant,348
rcLebanonAA,2017-04-25T08:00:16.000Z,0xe541b078f0b0bd7e6d89b904a6a0619b1ba79525,41000000028,beneficiary,0x269c4e961d284fbbf5f4eeba24da55ed87014bca,41000000001,merchant,232
rcLebanonAA,2017-04-24T13:00:12.000Z,0x2a7d90f960eaa399ddf76a26818f56f98bf3ec2c,41000000084,beneficiary,0xf26f28656403db168a96c3e2f06a663d101afa4b,41000000002,merchant,342
rcLebanonAA,2017-04-24T12:10:35.000Z,0x389a9c49b165ee0d0d22eb535a567c1efc3d47f2,41000000075,beneficiary,0x36d28f184dc8248df4ca411212e6d3ed25da5209,41000000003,merchant,147
rcLebanonAA,2017-04-24T11:03:41.000Z,0x892c2c4458d93b5a1d182ccfb7c2fd6268853885,41000000042,beneficiary,0x9d673ef4d2125ad125b5d05cfaa44d167b002d1f,41000000005,merchant,125
rcLebanonAA,2017-04-24T17:05:40.000Z,0x93a20181a3a317e477aded569e3bd64aae3b5805,41000000076,beneficiary,0x7476ddf4b47dec73b1fe6c8ef117253091fb7188,41000000009,merchant,511
rcLebanonAA,2017-04-24T15:08:01.000Z,0xf2c1cdd995ae0c165af2927b234d89c53f7dad03,41000000051,beneficiary,0x9cf3ccb7dda01a0c355bf32209d65031eae8a5f1,41000000004,merchant,11
rcLebanonAA,2017-04-25T08:12:30.000Z,0xd4d589efc093e76cf973831a19014414fd9f9023,41000000063,beneficiary,0xe5c145741a2180b1fa735721000c7c29d57852c5,41000000007,merchant,170
rcLebanonAA,2017-04-25T11:07:02.000Z,0xba1633dba5a7a0e96f4378c005db0a88e3c1ee81,41000000077,beneficiary,0x9d673ef4d2125ad125b5d05cfaa44d167b002d1f,41000000005,merchant,486
rcLebanonAA,2017-04-25T06:01:03.000Z,0xa100453eabecca24d252e1c98ae8406ae81e1b27,41000000037,beneficiary,0x7476ddf4b47dec73b1fe6c8ef117253091fb7188,41000000009,merchant,368
rcLebanonAA,2017-04-24T14:04:17.000Z,0xa52ed585a3db00bfb2401da059a20da9d9157e17,41000000060,beneficiary,0x36d28f184dc8248df4ca411212e6d3ed25da5209,41000000003,merchant,240
rcLebanonAA,2017-04-24T14:03:30.000Z,0xfdc9a5fe2466fed062e4485bc83a4e10214bef24,41000000053,beneficiary,0x52c62806a4c1bb3b6e82e3560be0769828324087,41000000010,merchant,177
rcLebanonAA,2017-04-24T11:02:29.000Z,0x084629cf3f5cbc6f37f2a8f7ce4bc4555802ea76,41000000038,beneficiary,0x36d28f184dc8248df4ca411212e6d3ed25da5209,41000000003,merchant,283
rcLebanonAA,2017-04-25T12:02:52.000Z,0xa9ad20615ba68c3e8fc549dd8b34854b8105cca2,41000000052,beneficiary,0x36d28f184dc8248df4ca411212e6d3ed25da5209,41000000003,merchant,530
rcLebanonAA,2017-04-24T12:10:22.000Z,0x52f3ca04a4fcea2e2e95e99fd3ccd9c4572fc1f9,41000000089,beneficiary,0xe5c145741a2180b1fa735721000c7c29d57852c5,41000000007,merchant,593
rcLebanonAA,2017-04-25T12:02:52.000Z,0x3ad1e94b8fbb29c11eb6e7e6fa4b1146928e0db8,41000000062,beneficiary,0xf26f28656403db168a96c3e2f06a663d101afa4b,41000000002,merchant,68
rcLebanonAA,2017-04-25T08:11:20.000Z,0x3ad1e94b8fbb29c11eb6e7e6fa4b1146928e0db8,41000000062,beneficiary,0x269c4e961d284fbbf5f4eeba24da55ed87014bca,41000000001,merchant,163
rcLebanonAA,2017-04-24T13:01:51.000Z,0x1da716899b9bbe1d935971fc2eaa543cea927895,41000000024,beneficiary,0x269c4e961d284fbbf5f4eeba24da55ed87014bca,41000000001,merchant,230
rcLebanonAA,2017-04-25T08:10:35.000Z,0xa3486a69e2a57c809b5717eb7f94c766ddc8d040,41000000080,beneficiary,0xe5c145741a2180b1fa735721000c7c29d57852c5,41000000007,merchant,236
rcLebanonAA,2017-04-24T14:03:26.000Z,0x64f44f847bafbf3009d73dcf87bf73cde7d60373,41000000061,beneficiary,0x52c62806a4c1bb3b6e82e3560be0769828324087,41000000010,merchant,420
rcLebanonAA,2017-04-25T11:08:13.000Z,0xee6ed82305e5cca6b14e9fc719c858a25a538654,41000000046,beneficiary,0x9cf3ccb7dda01a0c355bf32209d65031eae8a5f1,41000000004,merchant,323
rcLebanonAA,2017-04-25T11:06:17.000Z,0x3cfe13231a367243da3d53fdbaadb42a4e79822b,41000000031,beneficiary,0x9cf3ccb7dda01a0c355bf32209d65031eae8a5f1,41000000004,merchant,16
rcLebanonAA,2017-04-25T07:11:34.000Z,0xc1736b474ff97c4135b0fe51db4c69047ee4b3fe,41000000011,beneficiary,0x9cf3ccb7dda01a0c355bf32209d65031eae8a5f1,41000000004,merchant,382
rcLebanonAA,2017-04-24T12:09:29.000Z,0x5cf26741a38806a3767adc269dfd5d5bd38be706,41000000072,beneficiary,0x4d8cdedde23c6eabebb0006f828c65329fadad9b,41000000008,merchant,457
rcLebanonAA,2017-04-25T06:00:15.000Z,0xee6ed82305e5cca6b14e9fc719c858a25a538654,41000000046,beneficiary,0x9d673ef4d2125ad125b5d05cfaa44d167b002d1f,41000000005,merchant,147
rcLebanonAA,2017-04-24T12:07:28.000Z,0x888d4ee31ff233e9cf50c0850d2dbc1650bbb198,41000000018,beneficiary,0x7476ddf4b47dec73b1fe6c8ef117253091fb7188,41000000009,merchant,189
rcLebanonAA,2017-04-25T11:05:39.000Z,0x08e10af8bcf0cb850b6f659348123cbc9cc42652,41000000015,beneficiary,0x9cf3ccb7dda01a0c355bf32209d65031eae8a5f1,41000000004,merchant,225
rcLebanonAA,2017-04-25T11:02:14.000Z,0x2daf53521c778f8dba7f63e93415354e9936fc06,41000000098,beneficiary,0x36d28f184dc8248df4ca411212e6d3ed25da5209,41000000003,merchant,185
rcLebanonAA,2017-04-25T08:12:41.000Z,0x1da716899b9bbe1d935971fc2eaa543cea927895,41000000024,beneficiary,0xe5c145741a2180b1fa735721000c7c29d57852c5,41000000007,merchant,274
rcLebanonAA,2017-04-25T08:10:03.000Z,0xe541b078f0b0bd7e6d89b904a6a0619b1ba79525,41000000028,beneficiary,0x7476ddf4b47dec73b1fe6c8ef117253091fb7188,41000000009,merchant,522
rcLebanonAA,2017-04-25T09:14:09.000Z,0x4acc1a4caef311debe3ccb878065e8e7d07462b8,41000000095,beneficiary,0xe5c145741a2180b1fa735721000c7c29d57852c5,41000000007,merchant,588
rcLebanonAA,2017-04-24T08:04:12.000Z,0xf5d9776b58a56f7b5aea9568254e977cff64283d,41783260842,issuer,0xcbf7d71a4ebd4ca865585a74511d1fc2489211ea,41000000065,beneficiary,5005
rcLebanonAA,2017-04-24T17:05:30.000Z,0x54761d22093aebc542107d143d6ff2b1bff4c8c0,41000000094,beneficiary,0x36d28f184dc8248df4ca411212e6d3ed25da5209,41000000003,merchant,478
rcLebanonAA,2017-04-25T08:09:18.000Z,0x838b3dbbeb5f2ad8aa3295a21cc3fa866e0b395a,41000000023,beneficiary,0x9d673ef4d2125ad125b5d05cfaa44d167b002d1f,41000000005,merchant,410
rcLebanonAA,2017-04-25T06:10:24.000Z,0x8b26fee8c5673869a9d7c4cdc66ea2588e886467,41000000016,beneficiary,0x36d28f184dc8248df4ca411212e6d3ed25da5209,41000000003,merchant,460
rcLebanonAA,2017-04-24T18:10:16.000Z,0xad9e330fee8d45565e9b9183dfebc70aa3d06533,41000000057,beneficiary,0x57679ba21b6a0b856ef4ee09e0b9c115e71edf4c,41000000006,merchant,246
rcLebanonAA,2017-04-25T09:13:21.000Z,0x838b3dbbeb5f2ad8aa3295a21cc3fa866e0b395a,41000000023,beneficiary,0xe5c145741a2180b1fa735721000c7c29d57852c5,41000000007,merchant,210
rcLebanonAA,2017-04-25T12:01:46.000Z,0x54761d22093aebc542107d143d6ff2b1bff4c8c0,41000000094,beneficiary,0x4d8cdedde23c6eabebb0006f828c65329fadad9b,41000000008,merchant,273
rcLebanonAA,2017-04-25T11:05:18.000Z,0x2a7d90f960eaa399ddf76a26818f56f98bf3ec2c,41000000084,beneficiary,0x269c4e961d284fbbf5f4eeba24da55ed87014bca,41000000001,merchant,326
rcLebanonAA,2017-04-25T09:13:21.000Z,0xd3828b61c8c9429822e449a82307a34cae14788d,41000000055,beneficiary,0x57679ba21b6a0b856ef4ee09e0b9c115e71edf4c,41000000006,merchant,599
rcLebanonAA,2017-04-25T07:11:07.000Z,0xb033efb213d7c84ed879f4ab549f9bede262e258,41000000087,beneficiary,0x4d8cdedde23c6eabebb0006f828c65329fadad9b,41000000008,merchant,162
rcLebanonAA,2017-04-24T15:07:56.000Z,0x85ecb7702122b0ec0d316af7b42d95bc4f380f43,41000000078,beneficiary,0x7476ddf4b47dec73b1fe6c8ef117253091fb7188,41000000009,merchant,453
rcLebanonAA,2017-04-25T11:04:48.000Z,0xf0fe752bd3a150e93274d5f5c5d551a682da166c,41000000088,beneficiary,0xf26f28656403db168a96c3e2f06a663d101afa4b,41000000002,merchant,187
rcLebanonAA,2017-04-24T15:07:56.000Z,0xee6ed82305e5cca6b14e9fc719c858a25a538654,41000000046,beneficiary,0xf26f28656403db168a96c3e2f06a663d101afa4b,41000000002,merchant,490
rcLebanonAA,2017-04-25T09:11:15.000Z,0x3ad1e94b8fbb29c11eb6e7e6fa4b1146928e0db8,41000000062,beneficiary,0x7476ddf4b47dec73b1fe6c8ef117253091fb7188,41000000009,merchant,417
rcLebanonAA,2017-04-25T12:00:33.000Z,0xa9ad20615ba68c3e8fc549dd8b34854b8105cca2,41000000052,beneficiary,0x269c4e961d284fbbf5f4eeba24da55ed87014bca,41000000001,merchant,280
rcLebanonAA,2017-04-24T16:04:34.000Z,0xa100453eabecca24d252e1c98ae8406ae81e1b27,41000000037,beneficiary,0x7476ddf4b47dec73b1fe6c8ef117253091fb7188,41000000009,merchant,391
rcLebanonAA,2017-04-24T17:07:13.000Z,0x9c9932ad6f0205350e30fdc48e76014d1613059f,41000000069,beneficiary,0xf26f28656403db168a96c3e2f06a663d101afa4b,41000000002,merchant,186
rcLebanonAA,2017-04-24T13:09:27.000Z,0x2e8a4d3cce2f75323a06c16dd7c86e3b9145fa7b,41000000090,beneficiary,0x9d673ef4d2125ad125b5d05cfaa44d167b002d1f,41000000005,merchant,556
rcLebanonAA,2017-04-25T10:12:55.000Z,0x9c9932ad6f0205350e30fdc48e76014d1613059f,41000000069,beneficiary,0x52c62806a4c1bb3b6e82e3560be0769828324087,41000000010,merchant,76
rcLebanonAA,2017-04-24T17:09:54.000Z,0x54761d22093aebc542107d143d6ff2b1bff4c8c0,41000000094,beneficiary,0xf26f28656403db168a96c3e2f06a663d101afa4b,41000000002,merchant,286
rcLebanonAA,2017-04-25T12:00:11.000Z,0x459707317d953bff478009cee38859c6e22ad7fa,41000000047,beneficiary,0x36d28f184dc8248df4ca411212e6d3ed25da5209,41000000003,merchant,186
rcLebanonAA,2017-04-24T14:10:01.000Z,0x1e4ffaf2ec8172b9af8ecb4a5c65fa2f97de187d,41000000045,beneficiary,0x7476ddf4b47dec73b1fe6c8ef117253091fb7188,41000000009,merchant,121
rcLebanonAA,2017-04-24T14:10:47.000Z,0xcbf7d71a4ebd4ca865585a74511d1fc2489211ea,41000000065,beneficiary,0x52c62806a4c1bb3b6e82e3560be0769828324087,41000000010,merchant,492
rcLebanonAA,2017-04-25T17:12:15.000Z,0xd7560c0879ecfcd6deeb0c65f84f704942520fbf,41000000081,beneficiary,0x269c4e961d284fbbf5f4eeba24da55ed87014bca,41000000001,merchant,325
rcLebanonAA,2017-04-25T06:09:51.000Z,0x240bcba2e91ec605d2e1d5368d3a6ab836e0946d,41000000033,beneficiary,0x36d28f184dc8248df4ca411212e6d3ed25da5209,41000000003,merchant,498
rcLebanonAA,2017-04-25T17:12:15.000Z,0x03182e808e79943f4f6b77bca55791964ca4c9dd,41000000071,beneficiary,0x4d8cdedde23c6eabebb0006f828c65329fadad9b,41000000008,merchant,368
rcLebanonAA,2017-04-25T12:07:33.000Z,0xaade0e5b33fbacd94a99ffa086052744976b17e0,41000000086,beneficiary,0x269c4e961d284fbbf5f4eeba24da55ed87014bca,41000000001,merchant,234
rcLebanonAA,2017-04-25T06:09:51.000Z,0x0dfa0c30a2933cc460e0e2ceba5b4011f27cc844,41000000029,beneficiary,0xe5c145741a2180b1fa735721000c7c29d57852c5,41000000007,merchant,412
rcLebanonAA,2017-04-24T09:05:32.000Z,0xd7560c0879ecfcd6deeb0c65f84f704942520fbf,41000000081,beneficiary,0x269c4e961d284fbbf5f4eeba24da55ed87014bca,41000000001,merchant,251
rcLebanonAA,2017-04-25T08:08:48.000Z,0x9c9932ad6f0205350e30fdc48e76014d1613059f,41000000069,beneficiary,0xf26f28656403db168a96c3e2f06a663d101afa4b,41000000002,merchant,579
rcLebanonAA,2017-04-25T10:10:37.000Z,0xa3486a69e2a57c809b5717eb7f94c766ddc8d040,41000000080,beneficiary,0x269c4e961d284fbbf5f4eeba24da55ed87014bca,41000000001,merchant,59
rcLebanonAA,2017-04-25T06:07:01.000Z,0x7cbc155b066005afa037918f130ad32fd0994836,41000000100,beneficiary,0x57679ba21b6a0b856ef4ee09e0b9c115e71edf4c,41000000006,merchant,75
rcLebanonAA,2017-04-24T13:03:52.000Z,0xa100453eabecca24d252e1c98ae8406ae81e1b27,41000000037,beneficiary,0x9d673ef4d2125ad125b5d05cfaa44d167b002d1f,41000000005,merchant,97
rcLebanonAA,2017-04-25T07:07:50.000Z,0xdf28c26ca7b86294f489a3571220a78efe8a18b3,41000000074,beneficiary,0x7476ddf4b47dec73b1fe6c8ef117253091fb7188,41000000009,merchant,252
rcLebanonAA,2017-04-25T06:06:07.000Z,0x03182e808e79943f4f6b77bca55791964ca4c9dd,41000000071,beneficiary,0x57679ba21b6a0b856ef4ee09e0b9c115e71edf4c,41000000006,merchant,376
rcLebanonAA,2017-04-25T17:09:31.000Z,0xa9ad20615ba68c3e8fc549dd8b34854b8105cca2,41000000052,beneficiary,0x57679ba21b6a0b856ef4ee09e0b9c115e71edf4c,41000000006,merchant,555
rcLebanonAA,2017-04-25T07:06:57.000Z,0xa52ed585a3db00bfb2401da059a20da9d9157e17,41000000060,beneficiary,0x9d673ef4d2125ad125b5d05cfaa44d167b002d1f,41000000005,merchant,489
rcLebanonAA,2017-04-25T09:09:20.000Z,0x2a7d90f960eaa399ddf76a26818f56f98bf3ec2c,41000000084,beneficiary,0x9cf3ccb7dda01a0c355bf32209d65031eae8a5f1,41000000004,merchant,520
rcLebanonAA,2017-04-25T06:05:03.000Z,0xec9ad4fa6e0e174476cd3d3f1d521d6a5ed44247,41000000059,beneficiary,0xf26f28656403db168a96c3e2f06a663d101afa4b,41000000002,merchant,366
rcLebanonAA,2017-04-25T09:09:20.000Z,0xba1633dba5a7a0e96f4378c005db0a88e3c1ee81,41000000077,beneficiary,0x4d8cdedde23c6eabebb0006f828c65329fadad9b,41000000008,merchant,215
rcLebanonAA,2017-04-25T06:04:30.000Z,0x736c679ea2ce04e8c61eca6c39a7c928f3ed49cd,41000000082,beneficiary,0x57679ba21b6a0b856ef4ee09e0b9c115e71edf4c,41000000006,merchant,569
rcLebanonAA,2017-04-25T07:06:15.000Z,0xb41d12e813a24b373f0e9bfe4382badca0b09e0a,41000000025,beneficiary,0x7476ddf4b47dec73b1fe6c8ef117253091fb7188,41000000009,merchant,411
rcLebanonAA,2017-04-25T06:04:13.000Z,0x0dfa0c30a2933cc460e0e2ceba5b4011f27cc844,41000000029,beneficiary,0x7476ddf4b47dec73b1fe6c8ef117253091fb7188,41000000009,merchant,551
rcLebanonAA,2017-04-25T18:07:55.000Z,0x888d4ee31ff233e9cf50c0850d2dbc1650bbb198,41000000018,beneficiary,0x9d673ef4d2125ad125b5d05cfaa44d167b002d1f,41000000005,merchant,339
rcLebanonAA,2017-04-25T08:06:35.000Z,0xf93248244aec8846ca48d143843f5854eb79a0cb,41000000079,beneficiary,0x269c4e961d284fbbf5f4eeba24da55ed87014bca,41000000001,merchant,180
rcLebanonAA,2017-04-25T06:03:51.000Z,0xa2fe6da19611c46ca96e80d143cbcc125e569ffd,41000000085,beneficiary,0x269c4e961d284fbbf5f4eeba24da55ed87014bca,41000000001,merchant,233
rcLebanonAA,2017-04-24T13:06:24.000Z,0x116e1be7c92286c7dad93377c8bada9a7e717b34,41000000099,beneficiary,0x7476ddf4b47dec73b1fe6c8ef117253091fb7188,41000000009,merchant,571
rcLebanonAA,2017-04-25T07:06:04.000Z,0xa2fe6da19611c46ca96e80d143cbcc125e569ffd,41000000085,beneficiary,0x9cf3ccb7dda01a0c355bf32209d65031eae8a5f1,41000000004,merchant,439
rcLebanonAA,2017-04-25T06:03:15.000Z,0x2e7d28c289540a303b687fb410b45e2c6883cf7e,41000000048,beneficiary,0x9d673ef4d2125ad125b5d05cfaa44d167b002d1f,41000000005,merchant,576
rcLebanonAA,2017-04-25T17:08:33.000Z,0xdc858c3916b849618f13c33b90e02c1e62b30177,41000000054,beneficiary,0xe5c145741a2180b1fa735721000c7c29d57852c5,41000000007,merchant,320
rcLebanonAA,2017-04-25T16:04:34.000Z,0xa8f07d33ec898608b843e7851bf86563f2a30a14,41000000040,beneficiary,0xe5c145741a2180b1fa735721000c7c29d57852c5,41000000007,merchant,566
rcLebanonAA,2017-04-25T18:07:19.000Z,0xc386cb1f1a555d222bcdc90a03e1686632a44ec3,41000000019,beneficiary,0xe5c145741a2180b1fa735721000c7c29d57852c5,41000000007,merchant,17
rcLebanonAA,2017-04-25T09:08:30.000Z,0x2e7d28c289540a303b687fb410b45e2c6883cf7e,41000000048,beneficiary,0x36d28f184dc8248df4ca411212e6d3ed25da5209,41000000003,merchant,177
rcLebanonAA,2017-04-25T17:08:06.000Z,0xdecc1cb1387e571999ad8faef78f86f2cc2cee74,41000000083,beneficiary,0x52c62806a4c1bb3b6e82e3560be0769828324087,41000000010,merchant,565
rcLebanonAA,2017-04-24T13:06:08.000Z,0xe4a8e3cd2f9cd4214f02d6e1d725656f1f33e038,41000000035,beneficiary,0x4d8cdedde23c6eabebb0006f828c65329fadad9b,41000000008,merchant,572
rcLebanonAA,2017-04-25T18:06:31.000Z,0x2daf53521c778f8dba7f63e93415354e9936fc06,41000000098,beneficiary,0xe5c145741a2180b1fa735721000c7c29d57852c5,41000000007,merchant,580
rcLebanonAA,2017-04-25T08:06:23.000Z,0xcea3a1d2ed65dc80a8925974b60348a0c57f8f99,41000000067,beneficiary,0x4d8cdedde23c6eabebb0006f828c65329fadad9b,41000000008,merchant,110
rcLebanonAA,2017-04-25T17:07:09.000Z,0x8b26fee8c5673869a9d7c4cdc66ea2588e886467,41000000016,beneficiary,0x36d28f184dc8248df4ca411212e6d3ed25da5209,41000000003,merchant,214
rcLebanonAA,2017-04-25T18:06:20.000Z,0xec9ad4fa6e0e174476cd3d3f1d521d6a5ed44247,41000000059,beneficiary,0xf26f28656403db168a96c3e2f06a663d101afa4b,41000000002,merchant,87
rcLebanonAA,2017-04-25T07:05:30.000Z,0xc63967a47ec82e6a9945cd693ed645820f92cc33,41000000044,beneficiary,0x9d673ef4d2125ad125b5d05cfaa44d167b002d1f,41000000005,merchant,61
rcLebanonAA,2017-04-24T18:05:02.000Z,0x1da716899b9bbe1d935971fc2eaa543cea927895,41000000024,beneficiary,0xe5c145741a2180b1fa735721000c7c29d57852c5,41000000007,merchant,476
rcLebanonAA,2017-04-24T18:00:07.000Z,0x18bad7285915518500fb03bb631353eb5fc6d9e1,41000000073,beneficiary,0xe5c145741a2180b1fa735721000c7c29d57852c5,41000000007,merchant,491
rcLebanonAA,2017-04-24T10:04:43.000Z,0x4e3a6652a4aa17242de782f40fa5195eabecd529,41000000043,beneficiary,0x269c4e961d284fbbf5f4eeba24da55ed87014bca,41000000001,merchant,242
rcLebanonAA,2017-04-24T11:06:17.000Z,0x08e10af8bcf0cb850b6f659348123cbc9cc42652,41000000015,beneficiary,0x36d28f184dc8248df4ca411212e6d3ed25da5209,41000000003,merchant,356
rcLebanonAA,2017-04-24T15:04:19.000Z,0x21a9ea1569ab055ed416fa74710d103553e645bb,41000000050,beneficiary,0x52c62806a4c1bb3b6e82e3560be0769828324087,41000000010,merchant,488
rcLebanonAA,2017-04-24T13:02:53.000Z,0x240bcba2e91ec605d2e1d5368d3a6ab836e0946d,41000000033,beneficiary,0x9cf3ccb7dda01a0c355bf32209d65031eae8a5f1,41000000004,merchant,220
rcLebanonAA,2017-04-25T11:10:39.000Z,0xdc6b0f39c8f7ee96d9017cb991def306e8706c8c,41000000097,beneficiary,0x52c62806a4c1bb3b6e82e3560be0769828324087,41000000010,merchant,299
rcLebanonAA,2017-04-24T14:06:47.000Z,0x590f52c9d895c1f2c905adbdd4762c3a5d4fe63c,41000000027,beneficiary,0xf26f28656403db168a96c3e2f06a663d101afa4b,41000000002,merchant,140
rcLebanonAA,2017-04-25T06:11:28.000Z,0x18bad7285915518500fb03bb631353eb5fc6d9e1,41000000073,beneficiary,0x9d673ef4d2125ad125b5d05cfaa44d167b002d1f,41000000005,merchant,26
rcLebanonAA,2017-04-25T15:11:32.000Z,0xd1332c2ce50ac3a9be37119450f1ee909d271052,41000000036,beneficiary,0x7476ddf4b47dec73b1fe6c8ef117253091fb7188,41000000009,merchant,82
rcLebanonAA,2017-04-25T12:06:30.000Z,0x39fe8aa20ef17b2a7c9c605e80b0562eacf73b6e,41000000091,beneficiary,0xf26f28656403db168a96c3e2f06a663d101afa4b,41000000002,merchant,551
rcLebanonAA,2017-04-25T12:06:51.000Z,0x52f3ca04a4fcea2e2e95e99fd3ccd9c4572fc1f9,41000000089,beneficiary,0x52c62806a4c1bb3b6e82e3560be0769828324087,41000000010,merchant,495
rcLebanonAA,2017-04-25T06:10:56.000Z,0x084629cf3f5cbc6f37f2a8f7ce4bc4555802ea76,41000000038,beneficiary,0x9cf3ccb7dda01a0c355bf32209d65031eae8a5f1,41000000004,merchant,340
rcLebanonAA,2017-04-25T13:07:42.000Z,0x892c2c4458d93b5a1d182ccfb7c2fd6268853885,41000000042,beneficiary,0x4d8cdedde23c6eabebb0006f828c65329fadad9b,41000000008,merchant,516
rcLebanonAA,2017-04-25T15:06:36.000Z,0xdecc1cb1387e571999ad8faef78f86f2cc2cee74,41000000083,beneficiary,0x9cf3ccb7dda01a0c355bf32209d65031eae8a5f1,41000000004,merchant,123
rcLebanonAA,2017-04-24T14:00:12.000Z,0xaade0e5b33fbacd94a99ffa086052744976b17e0,41000000086,beneficiary,0x269c4e961d284fbbf5f4eeba24da55ed87014bca,41000000001,merchant,466
rcLebanonAA,2017-04-25T15:06:07.000Z,0x4e3a6652a4aa17242de782f40fa5195eabecd529,41000000043,beneficiary,0x269c4e961d284fbbf5f4eeba24da55ed87014bca,41000000001,merchant,332
rcLebanonAA,2017-04-25T16:08:10.000Z,0x36636976ba79a73a799dbb4ff85b738001b2dbaf,41000000041,beneficiary,0xe5c145741a2180b1fa735721000c7c29d57852c5,41000000007,merchant,215
rcLebanonAA,2017-04-26T09:02:20.000Z,0x4d8cdedde23c6eabebb0006f828c65329fadad9b,41000000008,merchant,0x7a5e30929a711c4831efb0c3e21abfa031038ada,41999999002,reimburser,16534
rcLebanonAA,2017-04-25T15:05:13.000Z,0xac402571f9ffaa9f3333604439998589de716e85,41000000070,beneficiary,0xf26f28656403db168a96c3e2f06a663d101afa4b,41000000002,merchant,183
rcLebanonAA,2017-04-24T14:07:53.000Z,0x9c9932ad6f0205350e30fdc48e76014d1613059f,41000000069,beneficiary,0x57679ba21b6a0b856ef4ee09e0b9c115e71edf4c,41000000006,merchant,424
rcLebanonAA,2017-04-25T09:02:46.000Z,0x4e3a6652a4aa17242de782f40fa5195eabecd529,41000000043,beneficiary,0x57679ba21b6a0b856ef4ee09e0b9c115e71edf4c,41000000006,merchant,480
rcLebanonAA,2017-04-25T18:00:38.000Z,0xe4a8e3cd2f9cd4214f02d6e1d725656f1f33e038,41000000035,beneficiary,0x57679ba21b6a0b856ef4ee09e0b9c115e71edf4c,41000000006,merchant,180
rcLebanonAA,2017-04-25T15:04:40.000Z,0xc63967a47ec82e6a9945cd693ed645820f92cc33,41000000044,beneficiary,0xe5c145741a2180b1fa735721000c7c29d57852c5,41000000007,merchant,524
rcLebanonAA,2017-04-25T13:07:15.000Z,0xe2ff12a02dab583f14107e0f4eb0dda708c71ea1,41000000049,beneficiary,0x9cf3ccb7dda01a0c355bf32209d65031eae8a5f1,41000000004,merchant,420
rcLebanonAA,2017-04-25T09:07:00.000Z,0x47a73d4c6197d9a3700b6e87ac17e2f9786c98f0,41000000034,beneficiary,0x52c62806a4c1bb3b6e82e3560be0769828324087,41000000010,merchant,73
rcLebanonAA,2017-04-25T11:09:35.000Z,0xdecc1cb1387e571999ad8faef78f86f2cc2cee74,41000000083,beneficiary,0x52c62806a4c1bb3b6e82e3560be0769828324087,41000000010,merchant,361
rcLebanonAA,2017-04-24T14:00:34.000Z,0xe2ff12a02dab583f14107e0f4eb0dda708c71ea1,41000000049,beneficiary,0x9cf3ccb7dda01a0c355bf32209d65031eae8a5f1,41000000004,merchant,538
rcLebanonAA,2017-04-25T18:00:06.000Z,0xf93248244aec8846ca48d143843f5854eb79a0cb,41000000079,beneficiary,0x57679ba21b6a0b856ef4ee09e0b9c115e71edf4c,41000000006,merchant,139
rcLebanonAA,2017-04-24T14:04:58.000Z,0x987385dba176c630391d41aa83eaa4f8d23777c6,41000000014,beneficiary,0x36d28f184dc8248df4ca411212e6d3ed25da5209,41000000003,merchant,330
rcLebanonAA,2017-04-25T13:06:33.000Z,0xadbd8912042146b1eac6856a393e52c1cef79327,41000000021,beneficiary,0xe5c145741a2180b1fa735721000c7c29d57852c5,41000000007,merchant,160
rcLebanonAA,2017-04-24T17:05:59.000Z,0xadbd8912042146b1eac6856a393e52c1cef79327,41000000021,beneficiary,0x36d28f184dc8248df4ca411212e6d3ed25da5209,41000000003,merchant,390
rcLebanonAA,2017-04-24T11:05:02.000Z,0x6014216007f628e33bfc71120d1cf7e95e740784,41000000039,beneficiary,0xf26f28656403db168a96c3e2f06a663d101afa4b,41000000002,merchant,461
rcLebanonAA,2017-04-24T15:06:37.000Z,0xa52ed585a3db00bfb2401da059a20da9d9157e17,41000000060,beneficiary,0x52c62806a4c1bb3b6e82e3560be0769828324087,41000000010,merchant,176
rcLebanonAA,2017-04-25T10:11:49.000Z,0x93a20181a3a317e477aded569e3bd64aae3b5805,41000000076,beneficiary,0x36d28f184dc8248df4ca411212e6d3ed25da5209,41000000003,merchant,193
rcLebanonAA,2017-04-25T16:07:27.000Z,0x459707317d953bff478009cee38859c6e22ad7fa,41000000047,beneficiary,0x57679ba21b6a0b856ef4ee09e0b9c115e71edf4c,41000000006,merchant,178
rcLebanonAA,2017-04-25T09:10:26.000Z,0x9c9932ad6f0205350e30fdc48e76014d1613059f,41000000069,beneficiary,0xe5c145741a2180b1fa735721000c7c29d57852c5,41000000007,merchant,59
rcLebanonAA,2017-04-25T15:03:49.000Z,0x4acc1a4caef311debe3ccb878065e8e7d07462b8,41000000095,beneficiary,0x9d673ef4d2125ad125b5d05cfaa44d167b002d1f,41000000005,merchant,55
rcLebanonAA,2017-04-26T09:01:50.000Z,0xe5c145741a2180b1fa735721000c7c29d57852c5,41000000007,merchant,0x7a5e30929a711c4831efb0c3e21abfa031038ada,41999999002,reimburser,15445
rcLebanonAA,2017-04-24T13:03:16.000Z,0xa52ed585a3db00bfb2401da059a20da9d9157e17,41000000060,beneficiary,0x9cf3ccb7dda01a0c355bf32209d65031eae8a5f1,41000000004,merchant,270
rcLebanonAA,2017-04-25T15:03:49.000Z,0xf93248244aec8846ca48d143843f5854eb79a0cb,41000000079,beneficiary,0xe5c145741a2180b1fa735721000c7c29d57852c5,41000000007,merchant,297
rcLebanonAA,2017-04-25T18:10:37.000Z,0xd4d589efc093e76cf973831a19014414fd9f9023,41000000063,beneficiary,0xf26f28656403db168a96c3e2f06a663d101afa4b,41000000002,merchant,571
rcLebanonAA,2017-04-25T11:04:11.000Z,0xf2c1cdd995ae0c165af2927b234d89c53f7dad03,41000000051,beneficiary,0x269c4e961d284fbbf5f4eeba24da55ed87014bca,41000000001,merchant,436
rcLebanonAA,2017-04-25T15:11:24.000Z,0xaade0e5b33fbacd94a99ffa086052744976b17e0,41000000086,beneficiary,0x52c62806a4c1bb3b6e82e3560be0769828324087,41000000010,merchant,352
rcLebanonAA,2017-04-25T13:05:45.000Z,0x21a9ea1569ab055ed416fa74710d103553e645bb,41000000050,beneficiary,0x36d28f184dc8248df4ca411212e6d3ed25da5209,41000000003,merchant,344
rcLebanonAA,2017-04-26T09:00:40.000Z,0x57679ba21b6a0b856ef4ee09e0b9c115e71edf4c,41000000006,merchant,0x7a5e30929a711c4831efb0c3e21abfa031038ada,41999999002,reimburser,18881
rcLebanonAA,2017-04-25T15:12:41.000Z,0x1e4ffaf2ec8172b9af8ecb4a5c65fa2f97de187d,41000000045,beneficiary,0x4d8cdedde23c6eabebb0006f828c65329fadad9b,41000000008,merchant,40
rcLebanonAA,2017-04-25T16:06:40.000Z,0x08e10af8bcf0cb850b6f659348123cbc9cc42652,41000000015,beneficiary,0x9d673ef4d2125ad125b5d05cfaa44d167b002d1f,41000000005,merchant,597
rcLebanonAA,2017-04-24T11:05:42.000Z,0x3ad1e94b8fbb29c11eb6e7e6fa4b1146928e0db8,41000000062,beneficiary,0xe5c145741a2180b1fa735721000c7c29d57852c5,41000000007,merchant,236
rcLebanonAA,2017-04-24T11:04:09.000Z,0x987385dba176c630391d41aa83eaa4f8d23777c6,41000000014,beneficiary,0x4d8cdedde23c6eabebb0006f828c65329fadad9b,41000000008,merchant,447
rcLebanonAA,2017-04-25T13:04:56.000Z,0xcea3a1d2ed65dc80a8925974b60348a0c57f8f99,41000000067,beneficiary,0x52c62806a4c1bb3b6e82e3560be0769828324087,41000000010,merchant,82
rcLebanonAA,2017-04-25T12:04:54.000Z,0x52f3ca04a4fcea2e2e95e99fd3ccd9c4572fc1f9,41000000089,beneficiary,0x57679ba21b6a0b856ef4ee09e0b9c115e71edf4c,41000000006,merchant,289
rcLebanonAA,2017-04-24T14:07:17.000Z,0x1e4ffaf2ec8172b9af8ecb4a5c65fa2f97de187d,41000000045,beneficiary,0x9cf3ccb7dda01a0c355bf32209d65031eae8a5f1,41000000004,merchant,454
rcLebanonAA,2017-04-25T17:10:49.000Z,0xdc858c3916b849618f13c33b90e02c1e62b30177,41000000054,beneficiary,0x9cf3ccb7dda01a0c355bf32209d65031eae8a5f1,41000000004,merchant,115
rcLebanonAA,2017-04-24T16:07:45.000Z,0xa2fe6da19611c46ca96e80d143cbcc125e569ffd,41000000085,beneficiary,0x7476ddf4b47dec73b1fe6c8ef117253091fb7188,41000000009,merchant,62
rcLebanonAA,2017-04-25T16:05:49.000Z,0xa100453eabecca24d252e1c98ae8406ae81e1b27,41000000037,beneficiary,0x269c4e961d284fbbf5f4eeba24da55ed87014bca,41000000001,merchant,254
rcLebanonAA,2017-04-24T13:01:22.000Z,0xb41d12e813a24b373f0e9bfe4382badca0b09e0a,41000000025,beneficiary,0x57679ba21b6a0b856ef4ee09e0b9c115e71edf4c,41000000006,merchant,484
rcLebanonAA,2017-04-25T11:04:11.000Z,0xd7560c0879ecfcd6deeb0c65f84f704942520fbf,41000000081,beneficiary,0xe5c145741a2180b1fa735721000c7c29d57852c5,41000000007,merchant,148
rcLebanonAA,2017-04-25T10:01:59.000Z,0xdc858c3916b849618f13c33b90e02c1e62b30177,41000000054,beneficiary,0x4d8cdedde23c6eabebb0006f828c65329fadad9b,41000000008,merchant,321
rcLebanonAA,2017-04-25T15:02:46.000Z,0x3ad1e94b8fbb29c11eb6e7e6fa4b1146928e0db8,41000000062,beneficiary,0x4d8cdedde23c6eabebb0006f828c65329fadad9b,41000000008,merchant,179
rcLebanonAA,2017-04-25T12:02:52.000Z,0xd3828b61c8c9429822e449a82307a34cae14788d,41000000055,beneficiary,0x57679ba21b6a0b856ef4ee09e0b9c115e71edf4c,41000000006,merchant,524
rcLebanonAA,2017-04-25T11:09:35.000Z,0x3ad1e94b8fbb29c11eb6e7e6fa4b1146928e0db8,41000000062,beneficiary,0x4d8cdedde23c6eabebb0006f828c65329fadad9b,41000000008,merchant,461
rcLebanonAA,2017-04-25T16:05:08.000Z,0x1da716899b9bbe1d935971fc2eaa543cea927895,41000000024,beneficiary,0x9d673ef4d2125ad125b5d05cfaa44d167b002d1f,41000000005,merchant,113
rcLebanonAA,2017-04-25T06:01:46.000Z,0xa9ad20615ba68c3e8fc549dd8b34854b8105cca2,41000000052,beneficiary,0x7476ddf4b47dec73b1fe6c8ef117253091fb7188,41000000009,merchant,425
rcLebanonAA,2017-04-24T13:02:19.000Z,0xd1332c2ce50ac3a9be37119450f1ee909d271052,41000000036,beneficiary,0x57679ba21b6a0b856ef4ee09e0b9c115e71edf4c,41000000006,merchant,551
rcLebanonAA,2017-04-25T17:02:35.000Z,0x4e3a6652a4aa17242de782f40fa5195eabecd529,41000000043,beneficiary,0x4d8cdedde23c6eabebb0006f828c65329fadad9b,41000000008,merchant,598
rcLebanonAA,2017-04-24T15:10:06.000Z,0xd7560c0879ecfcd6deeb0c65f84f704942520fbf,41000000081,beneficiary,0x57679ba21b6a0b856ef4ee09e0b9c115e71edf4c,41000000006,merchant,347
rcLebanonAA,2017-04-25T11:03:22.000Z,0xa2fe6da19611c46ca96e80d143cbcc125e569ffd,41000000085,beneficiary,0x269c4e961d284fbbf5f4eeba24da55ed87014bca,41000000001,merchant,158
rcLebanonAA,2017-04-24T13:09:05.000Z,0x08e10af8bcf0cb850b6f659348123cbc9cc42652,41000000015,beneficiary,0x7476ddf4b47dec73b1fe6c8ef117253091fb7188,41000000009,merchant,310
rcLebanonAA,2017-04-24T13:10:35.000Z,0x389a9c49b165ee0d0d22eb535a567c1efc3d47f2,41000000075,beneficiary,0x36d28f184dc8248df4ca411212e6d3ed25da5209,41000000003,merchant,20
rcLebanonAA,2017-04-26T09:00:12.000Z,0x9d673ef4d2125ad125b5d05cfaa44d167b002d1f,41000000005,merchant,0x7a5e30929a711c4831efb0c3e21abfa031038ada,41999999002,reimburser,18264
rcLebanonAA,2017-04-25T10:02:37.000Z,0x2daf53521c778f8dba7f63e93415354e9936fc06,41000000098,beneficiary,0x4d8cdedde23c6eabebb0006f828c65329fadad9b,41000000008,merchant,347
rcLebanonAA,2017-04-26T09:00:12.000Z,0x9cf3ccb7dda01a0c355bf32209d65031eae8a5f1,41000000004,merchant,0x7a5e30929a711c4831efb0c3e21abfa031038ada,41999999002,reimburser,13088
rcLebanonAA,2017-04-25T07:09:56.000Z,0x2a7d90f960eaa399ddf76a26818f56f98bf3ec2c,41000000084,beneficiary,0xf26f28656403db168a96c3e2f06a663d101afa4b,41000000002,merchant,495
rcLebanonAA,2017-04-25T15:10:15.000Z,0x0beff5a039070c5cde5607605814be4ee657256b,41000000030,beneficiary,0x7476ddf4b47dec73b1fe6c8ef117253091fb7188,41000000009,merchant,565
rcLebanonAA,2017-04-25T15:01:48.000Z,0x52f3ca04a4fcea2e2e95e99fd3ccd9c4572fc1f9,41000000089,beneficiary,0xe5c145741a2180b1fa735721000c7c29d57852c5,41000000007,merchant,50
rcLebanonAA,2017-04-26T08:58:38.000Z,0x36d28f184dc8248df4ca411212e6d3ed25da5209,41000000003,merchant,0x7a5e30929a711c4831efb0c3e21abfa031038ada,41999999002,reimburser,10157
rcLebanonAA,2017-04-25T13:04:47.000Z,0x18bad7285915518500fb03bb631353eb5fc6d9e1,41000000073,beneficiary,0x9d673ef4d2125ad125b5d05cfaa44d167b002d1f,41000000005,merchant,439
rcLebanonAA,2017-04-25T14:04:45.000Z,0x2e8a4d3cce2f75323a06c16dd7c86e3b9145fa7b,41000000090,beneficiary,0xe5c145741a2180b1fa735721000c7c29d57852c5,41000000007,merchant,170
rcLebanonAA,2017-04-24T13:04:44.000Z,0x2e7d28c289540a303b687fb410b45e2c6883cf7e,41000000048,beneficiary,0xe5c145741a2180b1fa735721000c7c29d57852c5,41000000007,merchant,432
rcLebanonAA,2017-04-24T13:00:55.000Z,0x459707317d953bff478009cee38859c6e22ad7fa,41000000047,beneficiary,0x9d673ef4d2125ad125b5d05cfaa44d167b002d1f,41000000005,merchant,164
rcLebanonAA,2017-04-25T09:00:39.000Z,0x2a7d90f960eaa399ddf76a26818f56f98bf3ec2c,41000000084,beneficiary,0x36d28f184dc8248df4ca411212e6d3ed25da5209,41000000003,merchant,475
rcLebanonAA,2017-04-24T14:06:17.000Z,0xd1332c2ce50ac3a9be37119450f1ee909d271052,41000000036,beneficiary,0xe5c145741a2180b1fa735721000c7c29d57852c5,41000000007,merchant,169
rcLebanonAA,2017-04-24T13:09:45.000Z,0x987385dba176c630391d41aa83eaa4f8d23777c6,41000000014,beneficiary,0x4d8cdedde23c6eabebb0006f828c65329fadad9b,41000000008,merchant,511
rcLebanonAA,2017-04-25T18:05:42.000Z,0x80f9c2c776a1ecc436d8c80393419bcf144bec7c,41000000093,beneficiary,0x4d8cdedde23c6eabebb0006f828c65329fadad9b,41000000008,merchant,376
rcLebanonAA,2017-04-24T14:09:01.000Z,0xa2fe6da19611c46ca96e80d143cbcc125e569ffd,41000000085,beneficiary,0x52c62806a4c1bb3b6e82e3560be0769828324087,41000000010,merchant,47
rcLebanonAA,2017-04-24T14:06:10.000Z,0xba1633dba5a7a0e96f4378c005db0a88e3c1ee81,41000000077,beneficiary,0x7476ddf4b47dec73b1fe6c8ef117253091fb7188,41000000009,merchant,163
rcLebanonAA,2017-04-25T14:03:37.000Z,0x590f52c9d895c1f2c905adbdd4762c3a5d4fe63c,41000000027,beneficiary,0xe5c145741a2180b1fa735721000c7c29d57852c5,41000000007,merchant,313
rcLebanonAA,2017-04-25T09:01:41.000Z,0x838b3dbbeb5f2ad8aa3295a21cc3fa866e0b395a,41000000023,beneficiary,0x4d8cdedde23c6eabebb0006f828c65329fadad9b,41000000008,merchant,67
rcLebanonAA,2017-04-24T14:09:22.000Z,0xc63967a47ec82e6a9945cd693ed645820f92cc33,41000000044,beneficiary,0x52c62806a4c1bb3b6e82e3560be0769828324087,41000000010,merchant,251
rcLebanonAA,2017-04-25T10:11:57.000Z,0x888d4ee31ff233e9cf50c0850d2dbc1650bbb198,41000000018,beneficiary,0xe5c145741a2180b1fa735721000c7c29d57852c5,41000000007,merchant,20
rcLebanonAA,2017-04-25T11:02:48.000Z,0xd4d589efc093e76cf973831a19014414fd9f9023,41000000063,beneficiary,0xe5c145741a2180b1fa735721000c7c29d57852c5,41000000007,merchant,160
rcLebanonAA,2017-04-25T16:03:51.000Z,0x52f3ca04a4fcea2e2e95e99fd3ccd9c4572fc1f9,41000000089,beneficiary,0x4d8cdedde23c6eabebb0006f828c65329fadad9b,41000000008,merchant,390
rcLebanonAA,2017-04-25T14:04:31.000Z,0x85ecb7702122b0ec0d316af7b42d95bc4f380f43,41000000078,beneficiary,0x9d673ef4d2125ad125b5d05cfaa44d167b002d1f,41000000005,merchant,29
rcLebanonAA,2017-04-25T13:03:21.000Z,0x389a9c49b165ee0d0d22eb535a567c1efc3d47f2,41000000075,beneficiary,0x9d673ef4d2125ad125b5d05cfaa44d167b002d1f,41000000005,merchant,280
rcLebanonAA,2017-04-25T07:04:31.000Z,0x1da716899b9bbe1d935971fc2eaa543cea927895,41000000024,beneficiary,0x36d28f184dc8248df4ca411212e6d3ed25da5209,41000000003,merchant,33
rcLebanonAA,2017-04-25T06:08:15.000Z,0x9c9932ad6f0205350e30fdc48e76014d1613059f,41000000069,beneficiary,0x4d8cdedde23c6eabebb0006f828c65329fadad9b,41000000008,merchant,473
rcLebanonAA,2017-04-25T15:00:05.000Z,0xf65ece0f42930c244f0c5c1afba567ae43f70888,41000000056,beneficiary,0x57679ba21b6a0b856ef4ee09e0b9c115e71edf4c,41000000006,merchant,393
rcLebanonAA,2017-04-25T18:09:26.000Z,0x5cf26741a38806a3767adc269dfd5d5bd38be706,41000000072,beneficiary,0x269c4e961d284fbbf5f4eeba24da55ed87014bca,41000000001,merchant,10
rcLebanonAA,2017-04-25T10:11:15.000Z,0x06db6a53ddf35aa6177a3a1f2a2da7be6fb6cb50,41000000096,beneficiary,0x9cf3ccb7dda01a0c355bf32209d65031eae8a5f1,41000000004,merchant,387
rcLebanonAA,2017-04-24T13:10:04.000Z,0x36636976ba79a73a799dbb4ff85b738001b2dbaf,41000000041,beneficiary,0x9cf3ccb7dda01a0c355bf32209d65031eae8a5f1,41000000004,merchant,370
rcLebanonAA,2017-04-25T07:08:19.000Z,0xee6ed82305e5cca6b14e9fc719c858a25a538654,41000000046,beneficiary,0x52c62806a4c1bb3b6e82e3560be0769828324087,41000000010,merchant,574
rcLebanonAA,2017-04-24T15:09:50.000Z,0x01f35fec6f655332cafcbdf384f695eeb47a1771,41000000026,beneficiary,0x52c62806a4c1bb3b6e82e3560be0769828324087,41000000010,merchant,546
rcLebanonAA,2017-04-25T18:05:42.000Z,0x3ad1e94b8fbb29c11eb6e7e6fa4b1146928e0db8,41000000062,beneficiary,0x57679ba21b6a0b856ef4ee09e0b9c115e71edf4c,41000000006,merchant,513
rcLebanonAA,2017-04-25T16:03:51.000Z,0x18bad7285915518500fb03bb631353eb5fc6d9e1,41000000073,beneficiary,0x36d28f184dc8248df4ca411212e6d3ed25da5209,41000000003,merchant,366
rcLebanonAA,2017-04-25T13:02:50.000Z,0xee6ed82305e5cca6b14e9fc719c858a25a538654,41000000046,beneficiary,0x52c62806a4c1bb3b6e82e3560be0769828324087,41000000010,merchant,362
rcLebanonAA,2017-04-25T10:09:42.000Z,0xd1332c2ce50ac3a9be37119450f1ee909d271052,41000000036,beneficiary,0x269c4e961d284fbbf5f4eeba24da55ed87014bca,41000000001,merchant,270
rcLebanonAA,2017-04-25T09:08:24.000Z,0x2daf53521c778f8dba7f63e93415354e9936fc06,41000000098,beneficiary,0x52c62806a4c1bb3b6e82e3560be0769828324087,41000000010,merchant,530
rcLebanonAA,2017-04-26T09:02:52.000Z,0x7476ddf4b47dec73b1fe6c8ef117253091fb7188,41000000009,merchant,0x7a5e30929a711c4831efb0c3e21abfa031038ada,41999999002,reimburser,13384
rcLebanonAA,2017-04-25T07:04:31.000Z,0xaade0e5b33fbacd94a99ffa086052744976b17e0,41000000086,beneficiary,0x9cf3ccb7dda01a0c355bf32209d65031eae8a5f1,41000000004,merchant,599
rcLebanonAA,2017-04-26T08:58:29.000Z,0xf26f28656403db168a96c3e2f06a663d101afa4b,41000000002,merchant,0x7a5e30929a711c4831efb0c3e21abfa031038ada,41999999002,reimburser,11667
rcLebanonAA,2017-04-24T17:06:49.000Z,0xa3486a69e2a57c809b5717eb7f94c766ddc8d040,41000000080,beneficiary,0x9d673ef4d2125ad125b5d05cfaa44d167b002d1f,41000000005,merchant,572
rcLebanonAA,2017-04-25T18:02:56.000Z,0x736c679ea2ce04e8c61eca6c39a7c928f3ed49cd,41000000082,beneficiary,0x36d28f184dc8248df4ca411212e6d3ed25da5209,41000000003,merchant,168
rcLebanonAA,2017-04-25T10:10:10.000Z,0x0024fc81c743093ffe692c99dc989a947076e692,41000000032,beneficiary,0x7476ddf4b47dec73b1fe6c8ef117253091fb7188,41000000009,merchant,197
rcLebanonAA,2017-04-24T16:01:41.000Z,0xe541b078f0b0bd7e6d89b904a6a0619b1ba79525,41000000028,beneficiary,0x4d8cdedde23c6eabebb0006f828c65329fadad9b,41000000008,merchant,14
rcLebanonAA,2017-04-25T17:10:14.000Z,0x084629cf3f5cbc6f37f2a8f7ce4bc4555802ea76,41000000038,beneficiary,0xf26f28656403db168a96c3e2f06a663d101afa4b,41000000002,merchant,385
rcLebanonAA,2017-04-25T12:04:54.000Z,0xdf28c26ca7b86294f489a3571220a78efe8a18b3,41000000074,beneficiary,0x269c4e961d284fbbf5f4eeba24da55ed87014bca,41000000001,merchant,520
rcLebanonAA,2017-04-25T07:02:41.000Z,0xa100453eabecca24d252e1c98ae8406ae81e1b27,41000000037,beneficiary,0x57679ba21b6a0b856ef4ee09e0b9c115e71edf4c,41000000006,merchant,247
rcLebanonAA,2017-04-24T18:04:16.000Z,0xcbf7d71a4ebd4ca865585a74511d1fc2489211ea,41000000065,beneficiary,0x7476ddf4b47dec73b1fe6c8ef117253091fb7188,41000000009,merchant,194
rcLebanonAA,2017-04-25T11:11:08.000Z,0xac402571f9ffaa9f3333604439998589de716e85,41000000070,beneficiary,0x9cf3ccb7dda01a0c355bf32209d65031eae8a5f1,41000000004,merchant,234
rcLebanonAA,2017-04-25T11:10:19.000Z,0x64f44f847bafbf3009d73dcf87bf73cde7d60373,41000000061,beneficiary,0xe5c145741a2180b1fa735721000c7c29d57852c5,41000000007,merchant,14
rcLebanonAA,2017-04-25T08:07:42.000Z,0x389a9c49b165ee0d0d22eb535a567c1efc3d47f2,41000000075,beneficiary,0x57679ba21b6a0b856ef4ee09e0b9c115e71edf4c,41000000006,merchant,359
rcLebanonAA,2017-04-25T10:05:39.000Z,0xdecc1cb1387e571999ad8faef78f86f2cc2cee74,41000000083,beneficiary,0xe5c145741a2180b1fa735721000c7c29d57852c5,41000000007,merchant,328
rcLebanonAA,2017-04-25T10:07:36.000Z,0x15a5fbcfa938bb48bb702bf8dbd8512d96c951ee,41000000068,beneficiary,0x7476ddf4b47dec73b1fe6c8ef117253091fb7188,41000000009,merchant,241
rcLebanonAA,2017-04-25T16:02:54.000Z,0xdecc1cb1387e571999ad8faef78f86f2cc2cee74,41000000083,beneficiary,0x9cf3ccb7dda01a0c355bf32209d65031eae8a5f1,41000000004,merchant,236
rcLebanonAA,2017-04-24T14:05:03.000Z,0xa3486a69e2a57c809b5717eb7f94c766ddc8d040,41000000080,beneficiary,0x9cf3ccb7dda01a0c355bf32209d65031eae8a5f1,41000000004,merchant,253
rcLebanonAA,2017-04-24T13:07:43.000Z,0xa3486a69e2a57c809b5717eb7f94c766ddc8d040,41000000080,beneficiary,0x52c62806a4c1bb3b6e82e3560be0769828324087,41000000010,merchant,44
rcLebanonAA,2017-04-25T07:02:14.000Z,0xadbd8912042146b1eac6856a393e52c1cef79327,41000000021,beneficiary,0x57679ba21b6a0b856ef4ee09e0b9c115e71edf4c,41000000006,merchant,269
rcLebanonAA,2017-04-25T06:07:44.000Z,0x68f70597203fb22e29da24436a621e622fa8d4b3,41000000092,beneficiary,0x57679ba21b6a0b856ef4ee09e0b9c115e71edf4c,41000000006,merchant,151
rcLebanonAA,2017-04-25T13:00:49.000Z,0x80f9c2c776a1ecc436d8c80393419bcf144bec7c,41000000093,beneficiary,0x9d673ef4d2125ad125b5d05cfaa44d167b002d1f,41000000005,merchant,549
rcLebanonAA,2017-04-25T09:05:31.000Z,0x3cfe13231a367243da3d53fdbaadb42a4e79822b,41000000031,beneficiary,0x9d673ef4d2125ad125b5d05cfaa44d167b002d1f,41000000005,merchant,194
rcLebanonAA,2017-04-25T14:09:22.000Z,0x39fe8aa20ef17b2a7c9c605e80b0562eacf73b6e,41000000091,beneficiary,0xf26f28656403db168a96c3e2f06a663d101afa4b,41000000002,merchant,115
rcLebanonAA,2017-04-25T10:00:55.000Z,0x987385dba176c630391d41aa83eaa4f8d23777c6,41000000014,beneficiary,0x52c62806a4c1bb3b6e82e3560be0769828324087,41000000010,merchant,139
rcLebanonAA,2017-04-25T14:08:27.000Z,0xc63967a47ec82e6a9945cd693ed645820f92cc33,41000000044,beneficiary,0xf26f28656403db168a96c3e2f06a663d101afa4b,41000000002,merchant,35
rcLebanonAA,2017-04-24T17:01:28.000Z,0x39fe8aa20ef17b2a7c9c605e80b0562eacf73b6e,41000000091,beneficiary,0x4d8cdedde23c6eabebb0006f828c65329fadad9b,41000000008,merchant,190
rcLebanonAA,2017-04-25T13:00:23.000Z,0xa9ad20615ba68c3e8fc549dd8b34854b8105cca2,41000000052,beneficiary,0x269c4e961d284fbbf5f4eeba24da55ed87014bca,41000000001,merchant,324
rcLebanonAA,2017-04-25T14:08:06.000Z,0xa3486a69e2a57c809b5717eb7f94c766ddc8d040,41000000080,beneficiary,0x4d8cdedde23c6eabebb0006f828c65329fadad9b,41000000008,merchant,539
rcLebanonAA,2017-04-24T15:02:52.000Z,0x2e8a4d3cce2f75323a06c16dd7c86e3b9145fa7b,41000000090,beneficiary,0x36d28f184dc8248df4ca411212e6d3ed25da5209,41000000003,merchant,39
rcLebanonAA,2017-04-25T10:00:22.000Z,0xe2ff12a02dab583f14107e0f4eb0dda708c71ea1,41000000049,beneficiary,0x36d28f184dc8248df4ca411212e6d3ed25da5209,41000000003,merchant,289
rcLebanonAA,2017-04-25T17:04:32.000Z,0xd7560c0879ecfcd6deeb0c65f84f704942520fbf,41000000081,beneficiary,0x36d28f184dc8248df4ca411212e6d3ed25da5209,41000000003,merchant,110
rcLebanonAA,2017-04-25T15:15:26.000Z,0xe541b078f0b0bd7e6d89b904a6a0619b1ba79525,41000000028,beneficiary,0x52c62806a4c1bb3b6e82e3560be0769828324087,41000000010,merchant,469
rcLebanonAA,2017-04-24T16:04:11.000Z,0xc1736b474ff97c4135b0fe51db4c69047ee4b3fe,41000000011,beneficiary,0x9d673ef4d2125ad125b5d05cfaa44d167b002d1f,41000000005,merchant,486
rcLebanonAA,2017-04-25T16:00:31.000Z,0x3cfe13231a367243da3d53fdbaadb42a4e79822b,41000000031,beneficiary,0x9d673ef4d2125ad125b5d05cfaa44d167b002d1f,41000000005,merchant,341
rcLebanonAA,2017-04-25T18:12:37.000Z,0x21a9ea1569ab055ed416fa74710d103553e645bb,41000000050,beneficiary,0x9d673ef4d2125ad125b5d05cfaa44d167b002d1f,41000000005,merchant,358
rcLebanonAA,2017-04-26T07:00:05.000Z,0x269c4e961d284fbbf5f4eeba24da55ed87014bca,41000000001,merchant,0x7a5e30929a711c4831efb0c3e21abfa031038ada,41999999002,reimburser,11792
rcLebanonAA,2017-04-25T09:03:51.000Z,0xadbd8912042146b1eac6856a393e52c1cef79327,41000000021,beneficiary,0x9cf3ccb7dda01a0c355bf32209d65031eae8a5f1,41000000004,merchant,121
rcLebanonAA,2017-04-25T16:02:08.000Z,0x4df5982c39df0e216ed70a48912b374cef97b152,41000000013,beneficiary,0x4d8cdedde23c6eabebb0006f828c65329fadad9b,41000000008,merchant,490
rcLebanonAA,2017-04-24T10:09:18.000Z,0xaade0e5b33fbacd94a99ffa086052744976b17e0,41000000086,beneficiary,0xf26f28656403db168a96c3e2f06a663d101afa4b,41000000002,merchant,592
rcLebanonAA,2017-04-25T10:03:33.000Z,0x68f70597203fb22e29da24436a621e622fa8d4b3,41000000092,beneficiary,0x9d673ef4d2125ad125b5d05cfaa44d167b002d1f,41000000005,merchant,362
rcLebanonAA,2017-04-25T17:05:27.000Z,0xd1332c2ce50ac3a9be37119450f1ee909d271052,41000000036,beneficiary,0x7476ddf4b47dec73b1fe6c8ef117253091fb7188,41000000009,merchant,295
rcLebanonAA,2017-04-25T16:11:19.000Z,0x0511a34ffa145fe6fcbdc13e2d260f6defac52f1,41000000064,beneficiary,0x57679ba21b6a0b856ef4ee09e0b9c115e71edf4c,41000000006,merchant,125
rcLebanonAA,2017-04-25T12:12:28.000Z,0xf65ece0f42930c244f0c5c1afba567ae43f70888,41000000056,beneficiary,0x7476ddf4b47dec73b1fe6c8ef117253091fb7188,41000000009,merchant,346
rcLebanonAA,2017-04-25T16:03:51.000Z,0x048fd82169bd29634b5d67acdf5c6184d1901ce7,41000000020,beneficiary,0x7476ddf4b47dec73b1fe6c8ef117253091fb7188,41000000009,merchant,383
rcLebanonAA,2017-04-25T10:08:25.000Z,0x0beff5a039070c5cde5607605814be4ee657256b,41000000030,beneficiary,0x269c4e961d284fbbf5f4eeba24da55ed87014bca,41000000001,merchant,189
rcLebanonAA,2017-04-24T15:05:14.000Z,0x2e7d28c289540a303b687fb410b45e2c6883cf7e,41000000048,beneficiary,0x9d673ef4d2125ad125b5d05cfaa44d167b002d1f,41000000005,merchant,143
rcLebanonAA,2017-04-25T15:08:34.000Z,0xc386cb1f1a555d222bcdc90a03e1686632a44ec3,41000000019,beneficiary,0x52c62806a4c1bb3b6e82e3560be0769828324087,41000000010,merchant,382
rcLebanonAA,2017-04-25T14:07:13.000Z,0xe541b078f0b0bd7e6d89b904a6a0619b1ba79525,41000000028,beneficiary,0xf26f28656403db168a96c3e2f06a663d101afa4b,41000000002,merchant,247
rcLebanonAA,2017-04-25T12:08:56.000Z,0x6014216007f628e33bfc71120d1cf7e95e740784,41000000039,beneficiary,0x7476ddf4b47dec73b1fe6c8ef117253091fb7188,41000000009,merchant,119
rcLebanonAA,2017-04-24T11:04:24.000Z,0xd7560c0879ecfcd6deeb0c65f84f704942520fbf,41000000081,beneficiary,0x269c4e961d284fbbf5f4eeba24da55ed87014bca,41000000001,merchant,549
rcLebanonAA,2017-04-25T17:06:50.000Z,0x21a9ea1569ab055ed416fa74710d103553e645bb,41000000050,beneficiary,0x4d8cdedde23c6eabebb0006f828c65329fadad9b,41000000008,merchant,90
rcLebanonAA,2017-04-25T07:03:28.000Z,0xe2ff12a02dab583f14107e0f4eb0dda708c71ea1,41000000049,beneficiary,0x9d673ef4d2125ad125b5d05cfaa44d167b002d1f,41000000005,merchant,496
rcLebanonAA,2017-04-25T12:10:28.000Z,0x838b3dbbeb5f2ad8aa3295a21cc3fa866e0b395a,41000000023,beneficiary,0x4d8cdedde23c6eabebb0006f828c65329fadad9b,41000000008,merchant,531
rcLebanonAA,2017-04-25T06:09:51.000Z,0x838b3dbbeb5f2ad8aa3295a21cc3fa866e0b395a,41000000023,beneficiary,0x9d673ef4d2125ad125b5d05cfaa44d167b002d1f,41000000005,merchant,496
rcLebanonAA,2017-04-25T07:00:12.000Z,0xfdc9a5fe2466fed062e4485bc83a4e10214bef24,41000000053,beneficiary,0x4d8cdedde23c6eabebb0006f828c65329fadad9b,41000000008,merchant,45
rcLebanonAA,2017-04-25T10:03:33.000Z,0xd3828b61c8c9429822e449a82307a34cae14788d,41000000055,beneficiary,0x9d673ef4d2125ad125b5d05cfaa44d167b002d1f,41000000005,merchant,494
rcLebanonAA,2017-04-25T14:07:57.000Z,0xa8f07d33ec898608b843e7851bf86563f2a30a14,41000000040,beneficiary,0x36d28f184dc8248df4ca411212e6d3ed25da5209,41000000003,merchant,358
rcLebanonAA,2017-04-25T16:08:10.000Z,0x08e10af8bcf0cb850b6f659348123cbc9cc42652,41000000015,beneficiary,0x4d8cdedde23c6eabebb0006f828c65329fadad9b,41000000008,merchant,387
rcLebanonAA,2017-04-25T09:04:52.000Z,0xf93248244aec8846ca48d143843f5854eb79a0cb,41000000079,beneficiary,0x9cf3ccb7dda01a0c355bf32209d65031eae8a5f1,41000000004,merchant,174
rcLebanonAA,2017-04-25T08:04:56.000Z,0xcbf7d71a4ebd4ca865585a74511d1fc2489211ea,41000000065,beneficiary,0x269c4e961d284fbbf5f4eeba24da55ed87014bca,41000000001,merchant,445
rcLebanonAA,2017-04-25T13:08:56.000Z,0x0beff5a039070c5cde5607605814be4ee657256b,41000000030,beneficiary,0x9cf3ccb7dda01a0c355bf32209d65031eae8a5f1,41000000004,merchant,143
rcLebanonAA,2017-04-24T14:02:57.000Z,0xc63967a47ec82e6a9945cd693ed645820f92cc33,41000000044,beneficiary,0x57679ba21b6a0b856ef4ee09e0b9c115e71edf4c,41000000006,merchant,569
rcLebanonAA,2017-04-25T15:13:28.000Z,0x7cbc155b066005afa037918f130ad32fd0994836,41000000100,beneficiary,0x9cf3ccb7dda01a0c355bf32209d65031eae8a5f1,41000000004,merchant,421
rcLebanonAA,2017-04-25T08:08:42.000Z,0x3ad1e94b8fbb29c11eb6e7e6fa4b1146928e0db8,41000000062,beneficiary,0x9d673ef4d2125ad125b5d05cfaa44d167b002d1f,41000000005,merchant,321
rcLebanonAA,2017-04-24T18:00:39.000Z,0x459707317d953bff478009cee38859c6e22ad7fa,41000000047,beneficiary,0x7476ddf4b47dec73b1fe6c8ef117253091fb7188,41000000009,merchant,529
rcLebanonAA,2017-04-25T13:04:47.000Z,0xd4d589efc093e76cf973831a19014414fd9f9023,41000000063,beneficiary,0x57679ba21b6a0b856ef4ee09e0b9c115e71edf4c,41000000006,merchant,260
rcLebanonAA,2017-04-25T08:02:53.000Z,0x0511a34ffa145fe6fcbdc13e2d260f6defac52f1,41000000064,beneficiary,0x9d673ef4d2125ad125b5d05cfaa44d167b002d1f,41000000005,merchant,562
rcLebanonAA,2017-04-25T09:06:28.000Z,0xdc6b0f39c8f7ee96d9017cb991def306e8706c8c,41000000097,beneficiary,0x36d28f184dc8248df4ca411212e6d3ed25da5209,41000000003,merchant,578
rcLebanonAA,2017-04-26T09:03:10.000Z,0x52c62806a4c1bb3b6e82e3560be0769828324087,41000000010,merchant,0x7a5e30929a711c4831efb0c3e21abfa031038ada,41999999002,reimburser,13774
rcLebanonAA,2017-04-25T07:01:24.000Z,0xa100453eabecca24d252e1c98ae8406ae81e1b27,41000000037,beneficiary,0x57679ba21b6a0b856ef4ee09e0b9c115e71edf4c,41000000006,merchant,188
rcLebanonAA,2017-04-24T16:01:16.000Z,0x4bc31dbab91cb828baaa1c73d4f4bb957924f97f,41000000017,beneficiary,0x9cf3ccb7dda01a0c355bf32209d65031eae8a5f1,41000000004,merchant,293
rcLebanonAA,2017-04-25T15:07:54.000Z,0x2daf53521c778f8dba7f63e93415354e9936fc06,41000000098,beneficiary,0x4d8cdedde23c6eabebb0006f828c65329fadad9b,41000000008,merchant,230
rcLebanonAA,2017-04-25T13:01:27.000Z,0x52f3ca04a4fcea2e2e95e99fd3ccd9c4572fc1f9,41000000089,beneficiary,0x36d28f184dc8248df4ca411212e6d3ed25da5209,41000000003,merchant,488
rcLebanonAA,2017-04-25T14:06:04.000Z,0x084629cf3f5cbc6f37f2a8f7ce4bc4555802ea76,41000000038,beneficiary,0x9d673ef4d2125ad125b5d05cfaa44d167b002d1f,41000000005,merchant,442
rcLebanonAA,2017-04-25T12:03:38.000Z,0x15a5fbcfa938bb48bb702bf8dbd8512d96c951ee,41000000068,beneficiary,0x57679ba21b6a0b856ef4ee09e0b9c115e71edf4c,41000000006,merchant,584
rcLebanonAA,2017-04-24T15:02:14.000Z,0x7cbc155b066005afa037918f130ad32fd0994836,41000000100,beneficiary,0x57679ba21b6a0b856ef4ee09e0b9c115e71edf4c,41000000006,merchant,413
rcLebanonAA,2017-04-25T10:05:08.000Z,0xa100453eabecca24d252e1c98ae8406ae81e1b27,41000000037,beneficiary,0x7476ddf4b47dec73b1fe6c8ef117253091fb7188,41000000009,merchant,36
rcLebanonAA,2017-04-25T14:03:02.000Z,0xa52ed585a3db00bfb2401da059a20da9d9157e17,41000000060,beneficiary,0x4d8cdedde23c6eabebb0006f828c65329fadad9b,41000000008,merchant,162
rcLebanonAA,2017-04-24T11:06:06.000Z,0x06db6a53ddf35aa6177a3a1f2a2da7be6fb6cb50,41000000096,beneficiary,0xe5c145741a2180b1fa735721000c7c29d57852c5,41000000007,merchant,227
rcLebanonAA,2017-04-25T09:12:15.000Z,0xfdc9a5fe2466fed062e4485bc83a4e10214bef24,41000000053,beneficiary,0x57679ba21b6a0b856ef4ee09e0b9c115e71edf4c,41000000006,merchant,59
rcLebanonAA,2017-04-25T15:01:16.000Z,0xa9ad20615ba68c3e8fc549dd8b34854b8105cca2,41000000052,beneficiary,0x9d673ef4d2125ad125b5d05cfaa44d167b002d1f,41000000005,merchant,493
rcLebanonAA,2017-04-25T11:01:08.000Z,0x08e10af8bcf0cb850b6f659348123cbc9cc42652,41000000015,beneficiary,0x57679ba21b6a0b856ef4ee09e0b9c115e71edf4c,41000000006,merchant,512
rcLebanonAA,2017-04-25T16:10:44.000Z,0x0511a34ffa145fe6fcbdc13e2d260f6defac52f1,41000000064,beneficiary,0x4d8cdedde23c6eabebb0006f828c65329fadad9b,41000000008,merchant,142
rcLebanonAA,2017-04-24T13:06:45.000Z,0xf93248244aec8846ca48d143843f5854eb79a0cb,41000000079,beneficiary,0x4d8cdedde23c6eabebb0006f828c65329fadad9b,41000000008,merchant,522
rcLebanonAA,2017-04-25T17:03:34.000Z,0x85ecb7702122b0ec0d316af7b42d95bc4f380f43,41000000078,beneficiary,0x269c4e961d284fbbf5f4eeba24da55ed87014bca,41000000001,merchant,580
rcLebanonAA,2017-04-24T14:01:15.000Z,0x736c679ea2ce04e8c61eca6c39a7c928f3ed49cd,41000000082,beneficiary,0x4d8cdedde23c6eabebb0006f828c65329fadad9b,41000000008,merchant,298
rcLebanonAA,2017-04-24T15:01:26.000Z,0x54761d22093aebc542107d143d6ff2b1bff4c8c0,41000000094,beneficiary,0xf26f28656403db168a96c3e2f06a663d101afa4b,41000000002,merchant,338
rcLebanonAA,2017-04-25T08:03:27.000Z,0x3ad1e94b8fbb29c11eb6e7e6fa4b1146928e0db8,41000000062,beneficiary,0x57679ba21b6a0b856ef4ee09e0b9c115e71edf4c,41000000006,merchant,260
rcLebanonAA,2017-04-25T10:00:22.000Z,0x048fd82169bd29634b5d67acdf5c6184d1901ce7,41000000020,beneficiary,0x9cf3ccb7dda01a0c355bf32209d65031eae8a5f1,41000000004,merchant,71
rcLebanonAA,2017-04-25T13:02:17.000Z,0x06db6a53ddf35aa6177a3a1f2a2da7be6fb6cb50,41000000096,beneficiary,0x57679ba21b6a0b856ef4ee09e0b9c115e71edf4c,41000000006,merchant,588
rcLebanonAA,2017-04-25T17:06:06.000Z,0xdecc1cb1387e571999ad8faef78f86f2cc2cee74,41000000083,beneficiary,0xf26f28656403db168a96c3e2f06a663d101afa4b,41000000002,merchant,339
rcLebanonAA,2017-04-25T14:03:02.000Z,0xadbd8912042146b1eac6856a393e52c1cef79327,41000000021,beneficiary,0x52c62806a4c1bb3b6e82e3560be0769828324087,41000000010,merchant,393
rcLebanonAA,2017-04-24T15:00:20.000Z,0x2a7d90f960eaa399ddf76a26818f56f98bf3ec2c,41000000084,beneficiary,0x7476ddf4b47dec73b1fe6c8ef117253091fb7188,41000000009,merchant,435
rcLebanonAA,2017-04-24T16:08:26.000Z,0xdc858c3916b849618f13c33b90e02c1e62b30177,41000000054,beneficiary,0x7476ddf4b47dec73b1fe6c8ef117253091fb7188,41000000009,merchant,355
rcLebanonAA,2017-04-25T06:02:53.000Z,0xa9ad20615ba68c3e8fc549dd8b34854b8105cca2,41000000052,beneficiary,0x36d28f184dc8248df4ca411212e6d3ed25da5209,41000000003,merchant,66
rcLebanonAA,2017-04-25T12:11:24.000Z,0x987385dba176c630391d41aa83eaa4f8d23777c6,41000000014,beneficiary,0x52c62806a4c1bb3b6e82e3560be0769828324087,41000000010,merchant,10
rcLebanonAA,2017-04-25T08:02:30.000Z,0x18bad7285915518500fb03bb631353eb5fc6d9e1,41000000073,beneficiary,0xe5c145741a2180b1fa735721000c7c29d57852c5,41000000007,merchant,221
rcLebanonAA,2017-04-24T17:08:37.000Z,0xcea3a1d2ed65dc80a8925974b60348a0c57f8f99,41000000067,beneficiary,0x9cf3ccb7dda01a0c355bf32209d65031eae8a5f1,41000000004,merchant,474
rcLebanonAA,2017-04-25T07:01:48.000Z,0xa100453eabecca24d252e1c98ae8406ae81e1b27,41000000037,beneficiary,0x4d8cdedde23c6eabebb0006f828c65329fadad9b,41000000008,merchant,10
rcLebanonAA,2017-04-25T11:08:31.000Z,0x47a73d4c6197d9a3700b6e87ac17e2f9786c98f0,41000000034,beneficiary,0x9d673ef4d2125ad125b5d05cfaa44d167b002d1f,41000000005,merchant,485
rcLebanonAA,2017-04-24T15:04:57.000Z,0x39fe8aa20ef17b2a7c9c605e80b0562eacf73b6e,41000000091,beneficiary,0x57679ba21b6a0b856ef4ee09e0b9c115e71edf4c,41000000006,merchant,38
rcLebanonAA,2017-04-24T15:03:13.000Z,0xee6ed82305e5cca6b14e9fc719c858a25a538654,41000000046,beneficiary,0x9cf3ccb7dda01a0c355bf32209d65031eae8a5f1,41000000004,merchant,537
rcLebanonAA,2017-04-25T13:03:48.000Z,0x52f3ca04a4fcea2e2e95e99fd3ccd9c4572fc1f9,41000000089,beneficiary,0xe5c145741a2180b1fa735721000c7c29d57852c5,41000000007,merchant,44
rcLebanonAA,2017-04-25T15:14:28.000Z,0x0511a34ffa145fe6fcbdc13e2d260f6defac52f1,41000000064,beneficiary,0x9cf3ccb7dda01a0c355bf32209d65031eae8a5f1,41000000004,merchant,247
rcLebanonAA,2017-04-24T15:06:07.000Z,0x18bad7285915518500fb03bb631353eb5fc6d9e1,41000000073,beneficiary,0x9d673ef4d2125ad125b5d05cfaa44d167b002d1f,41000000005,merchant,483
rcLebanonAA,2017-04-25T16:01:28.000Z,0x892c2c4458d93b5a1d182ccfb7c2fd6268853885,41000000042,beneficiary,0x7476ddf4b47dec73b1fe6c8ef117253091fb7188,41000000009,merchant,72
rcLebanonAA,2017-04-25T14:00:47.000Z,0x987385dba176c630391d41aa83eaa4f8d23777c6,41000000014,beneficiary,0xf26f28656403db168a96c3e2f06a663d101afa4b,41000000002,merchant,275
rcLebanonAA,2017-04-24T13:05:12.000Z,0x0beff5a039070c5cde5607605814be4ee657256b,41000000030,beneficiary,0x4d8cdedde23c6eabebb0006f828c65329fadad9b,41000000008,merchant,90
rcLebanonAA,2017-04-25T12:06:01.000Z,0xd7560c0879ecfcd6deeb0c65f84f704942520fbf,41000000081,beneficiary,0xf26f28656403db168a96c3e2f06a663d101afa4b,41000000002,merchant,542
rcLebanonAA,2017-04-25T18:04:28.000Z,0xe2ff12a02dab583f14107e0f4eb0dda708c71ea1,41000000049,beneficiary,0x57679ba21b6a0b856ef4ee09e0b9c115e71edf4c,41000000006,merchant,219
rcLebanonAA,2017-04-25T17:03:28.000Z,0xa100453eabecca24d252e1c98ae8406ae81e1b27,41000000037,beneficiary,0x52c62806a4c1bb3b6e82e3560be0769828324087,41000000010,merchant,471
rcLebanonAA,2017-04-25T07:10:14.000Z,0x68f70597203fb22e29da24436a621e622fa8d4b3,41000000092,beneficiary,0x9cf3ccb7dda01a0c355bf32209d65031eae8a5f1,41000000004,merchant,467
rcLebanonAA,2017-04-25T11:00:08.000Z,0x2e7d28c289540a303b687fb410b45e2c6883cf7e,41000000048,beneficiary,0x9cf3ccb7dda01a0c355bf32209d65031eae8a5f1,41000000004,merchant,513
rcLebanonAA,2017-04-25T13:08:41.000Z,0x21a9ea1569ab055ed416fa74710d103553e645bb,41000000050,beneficiary,0x36d28f184dc8248df4ca411212e6d3ed25da5209,41000000003,merchant,310
rcLebanonAA,2017-04-25T13:10:03.000Z,0x36636976ba79a73a799dbb4ff85b738001b2dbaf,41000000041,beneficiary,0x7476ddf4b47dec73b1fe6c8ef117253091fb7188,41000000009,merchant,455
rcLebanonAA,2017-04-25T16:09:33.000Z,0xec9ad4fa6e0e174476cd3d3f1d521d6a5ed44247,41000000059,beneficiary,0xf26f28656403db168a96c3e2f06a663d101afa4b,41000000002,merchant,360
rcLebanonAA,2017-04-25T07:08:44.000Z,0x4df5982c39df0e216ed70a48912b374cef97b152,41000000013,beneficiary,0x7476ddf4b47dec73b1fe6c8ef117253091fb7188,41000000009,merchant,54
rcLebanonAA,2017-04-24T18:05:48.000Z,0xa100453eabecca24d252e1c98ae8406ae81e1b27,41000000037,beneficiary,0x57679ba21b6a0b856ef4ee09e0b9c115e71edf4c,41000000006,merchant,553
rcLebanonAA,2017-04-24T17:08:37.000Z,0x7cbc155b066005afa037918f130ad32fd0994836,41000000100,beneficiary,0x36d28f184dc8248df4ca411212e6d3ed25da5209,41000000003,merchant,190
rcLebanonAA,2017-04-25T18:11:19.000Z,0x21a9ea1569ab055ed416fa74710d103553e645bb,41000000050,beneficiary,0x57679ba21b6a0b856ef4ee09e0b9c115e71edf4c,41000000006,merchant,261
rcLebanonAA,2017-04-24T13:07:24.000Z,0xd4d589efc093e76cf973831a19014414fd9f9023,41000000063,beneficiary,0xe5c145741a2180b1fa735721000c7c29d57852c5,41000000007,merchant,243
rcLebanonAA,2017-04-25T14:05:20.000Z,0x9c9932ad6f0205350e30fdc48e76014d1613059f,41000000069,beneficiary,0x57679ba21b6a0b856ef4ee09e0b9c115e71edf4c,41000000006,merchant,476
rcLebanonAA,2017-04-24T18:05:48.000Z,0xe4a8e3cd2f9cd4214f02d6e1d725656f1f33e038,41000000035,beneficiary,0x7476ddf4b47dec73b1fe6c8ef117253091fb7188,41000000009,merchant,570
rcLebanonAA,2017-04-25T17:00:47.000Z,0xf2c1cdd995ae0c165af2927b234d89c53f7dad03,41000000051,beneficiary,0x269c4e961d284fbbf5f4eeba24da55ed87014bca,41000000001,merchant,132
rcLebanonAA,2017-04-25T10:08:22.000Z,0xdf28c26ca7b86294f489a3571220a78efe8a18b3,41000000074,beneficiary,0x57679ba21b6a0b856ef4ee09e0b9c115e71edf4c,41000000006,merchant,287
rcLebanonAA,2017-04-25T16:10:16.000Z,0x240bcba2e91ec605d2e1d5368d3a6ab836e0946d,41000000033,beneficiary,0x9cf3ccb7dda01a0c355bf32209d65031eae8a5f1,41000000004,merchant,196
rcLebanonAA,2017-04-25T08:00:58.000Z,0x15a5fbcfa938bb48bb702bf8dbd8512d96c951ee,41000000068,beneficiary,0x9d673ef4d2125ad125b5d05cfaa44d167b002d1f,41000000005,merchant,427
rcLebanonAA,2017-04-25T17:02:01.000Z,0x240bcba2e91ec605d2e1d5368d3a6ab836e0946d,41000000033,beneficiary,0x57679ba21b6a0b856ef4ee09e0b9c115e71edf4c,41000000006,merchant,595
rcLebanonAA,2017-04-25T07:00:39.000Z,0xdf28c26ca7b86294f489a3571220a78efe8a18b3,41000000074,beneficiary,0xe5c145741a2180b1fa735721000c7c29d57852c5,41000000007,merchant,18
rcLebanonAA,2017-04-24T08:02:03.000Z,0xf5d9776b58a56f7b5aea9568254e977cff64283d,41783260842,issuer,0x47a73d4c6197d9a3700b6e87ac17e2f9786c98f0,41000000034,beneficiary,5005
rcLebanonAA,2017-04-25T10:06:38.000Z,0x64aa31e60e30e3c94bd85d9c2054eebdf0787829,41000000012,beneficiary,0x4d8cdedde23c6eabebb0006f828c65329fadad9b,41000000008,merchant,291
rcLebanonAA,2017-04-25T17:00:47.000Z,0x36636976ba79a73a799dbb4ff85b738001b2dbaf,41000000041,beneficiary,0xe5c145741a2180b1fa735721000c7c29d57852c5,41000000007,merchant,160
rcLebanonAA,2017-04-24T15:11:04.000Z,0x80f9c2c776a1ecc436d8c80393419bcf144bec7c,41000000093,beneficiary,0x36d28f184dc8248df4ca411212e6d3ed25da5209,41000000003,merchant,26
rcLebanonAA,2017-04-25T08:04:35.000Z,0x389a9c49b165ee0d0d22eb535a567c1efc3d47f2,41000000075,beneficiary,0x57679ba21b6a0b856ef4ee09e0b9c115e71edf4c,41000000006,merchant,288
rcLebanonAA,2017-04-25T09:03:06.000Z,0xe2ff12a02dab583f14107e0f4eb0dda708c71ea1,41000000049,beneficiary,0x57679ba21b6a0b856ef4ee09e0b9c115e71edf4c,41000000006,merchant,196
rcLebanonAA,2017-04-25T16:00:24.000Z,0x4df5982c39df0e216ed70a48912b374cef97b152,41000000013,beneficiary,0x269c4e961d284fbbf5f4eeba24da55ed87014bca,41000000001,merchant,281
rcLebanonAA,2017-04-25T17:06:06.000Z,0xa9ad20615ba68c3e8fc549dd8b34854b8105cca2,41000000052,beneficiary,0x52c62806a4c1bb3b6e82e3560be0769828324087,41000000010,merchant,510
rcLebanonAA,2017-04-25T08:04:35.000Z,0xac402571f9ffaa9f3333604439998589de716e85,41000000070,beneficiary,0x269c4e961d284fbbf5f4eeba24da55ed87014bca,41000000001,merchant,231
rcLebanonAA,2017-04-25T09:01:13.000Z,0xe4a8e3cd2f9cd4214f02d6e1d725656f1f33e038,41000000035,beneficiary,0x52c62806a4c1bb3b6e82e3560be0769828324087,41000000010,merchant,18
rcLebanonAA,2017-04-25T17:02:18.000Z,0x08e10af8bcf0cb850b6f659348123cbc9cc42652,41000000015,beneficiary,0x269c4e961d284fbbf5f4eeba24da55ed87014bca,41000000001,merchant,560
rcLebanonAA,2017-04-25T18:03:51.000Z,0xe541b078f0b0bd7e6d89b904a6a0619b1ba79525,41000000028,beneficiary,0x36d28f184dc8248df4ca411212e6d3ed25da5209,41000000003,merchant,145
rcLebanonAA,2017-04-25T13:11:11.000Z,0x39fe8aa20ef17b2a7c9c605e80b0562eacf73b6e,41000000091,beneficiary,0x52c62806a4c1bb3b6e82e3560be0769828324087,41000000010,merchant,565
rcLebanonAA,2017-04-25T18:01:56.000Z,0x892c2c4458d93b5a1d182ccfb7c2fd6268853885,41000000042,beneficiary,0x57679ba21b6a0b856ef4ee09e0b9c115e71edf4c,41000000006,merchant,430
rcLebanonAA,2017-04-25T15:09:11.000Z,0xd7560c0879ecfcd6deeb0c65f84f704942520fbf,41000000081,beneficiary,0x57679ba21b6a0b856ef4ee09e0b9c115e71edf4c,41000000006,merchant,575
rcLebanonAA,2017-04-25T12:11:59.000Z,0x4e3a6652a4aa17242de782f40fa5195eabecd529,41000000043,beneficiary,0x269c4e961d284fbbf5f4eeba24da55ed87014bca,41000000001,merchant,39
rcLebanonAA,2017-04-25T14:00:14.000Z,0xb41d12e813a24b373f0e9bfe4382badca0b09e0a,41000000025,beneficiary,0x9d673ef4d2125ad125b5d05cfaa44d167b002d1f,41000000005,merchant,155
rcLebanonAA,2017-04-24T15:09:23.000Z,0x68f70597203fb22e29da24436a621e622fa8d4b3,41000000092,beneficiary,0x269c4e961d284fbbf5f4eeba24da55ed87014bca,41000000001,merchant,424
rcLebanonAA,2017-04-25T18:08:35.000Z,0xac402571f9ffaa9f3333604439998589de716e85,41000000070,beneficiary,0x57679ba21b6a0b856ef4ee09e0b9c115e71edf4c,41000000006,merchant,557
rcLebanonAA,2017-04-24T16:00:04.000Z,0x2a7d90f960eaa399ddf76a26818f56f98bf3ec2c,41000000084,beneficiary,0x7476ddf4b47dec73b1fe6c8ef117253091fb7188,41000000009,merchant,239
rcLebanonAA,2017-04-25T18:02:11.000Z,0x0dfa0c30a2933cc460e0e2ceba5b4011f27cc844,41000000029,beneficiary,0xe5c145741a2180b1fa735721000c7c29d57852c5,41000000007,merchant,319
rcLebanonAA,2017-04-25T13:09:34.000Z,0x888d4ee31ff233e9cf50c0850d2dbc1650bbb198,41000000018,beneficiary,0x269c4e961d284fbbf5f4eeba24da55ed87014bca,41000000001,merchant,324
rcLebanonAA,2017-04-25T14:01:38.000Z,0x3ad1e94b8fbb29c11eb6e7e6fa4b1146928e0db8,41000000062,beneficiary,0x4d8cdedde23c6eabebb0006f828c65329fadad9b,41000000008,merchant,526
rcLebanonAA,2017-04-25T13:11:54.000Z,0xba1633dba5a7a0e96f4378c005db0a88e3c1ee81,41000000077,beneficiary,0x4d8cdedde23c6eabebb0006f828c65329fadad9b,41000000008,merchant,34
rcLebanonAA,2017-04-25T16:08:39.000Z,0xa52ed585a3db00bfb2401da059a20da9d9157e17,41000000060,beneficiary,0xf26f28656403db168a96c3e2f06a663d101afa4b,41000000002,merchant,74
rcLebanonAA,2017-04-25T14:10:41.000Z,0x80f9c2c776a1ecc436d8c80393419bcf144bec7c,41000000093,beneficiary,0x57679ba21b6a0b856ef4ee09e0b9c115e71edf4c,41000000006,merchant,449
rcLebanonAA,2017-04-25T14:10:41.000Z,0x240bcba2e91ec605d2e1d5368d3a6ab836e0946d,41000000033,beneficiary,0xe5c145741a2180b1fa735721000c7c29d57852c5,41000000007,merchant,438
rcLebanonAA,2017-04-24T14:02:51.000Z,0xc1736b474ff97c4135b0fe51db4c69047ee4b3fe,41000000011,beneficiary,0x4d8cdedde23c6eabebb0006f828c65329fadad9b,41000000008,merchant,420
rcLebanonAA,2017-04-24T17:11:05.000Z,0x4acc1a4caef311debe3ccb878065e8e7d07462b8,41000000095,beneficiary,0x269c4e961d284fbbf5f4eeba24da55ed87014bca,41000000001,merchant,280
rcLebanonAA,2017-04-25T14:07:01.000Z,0xa100453eabecca24d252e1c98ae8406ae81e1b27,41000000037,beneficiary,0x9cf3ccb7dda01a0c355bf32209d65031eae8a5f1,41000000004,merchant,283
rcLebanonAA,2017-04-25T11:01:08.000Z,0xd7560c0879ecfcd6deeb0c65f84f704942520fbf,41000000081,beneficiary,0xe5c145741a2180b1fa735721000c7c29d57852c5,41000000007,merchant,587
rcLebanonAA,2017-04-25T08:06:52.000Z,0xa8f07d33ec898608b843e7851bf86563f2a30a14,41000000040,beneficiary,0xe5c145741a2180b1fa735721000c7c29d57852c5,41000000007,merchant,528
rcLebanonAA,2017-04-24T14:02:02.000Z,0xf65ece0f42930c244f0c5c1afba567ae43f70888,41000000056,beneficiary,0x7476ddf4b47dec73b1fe6c8ef117253091fb7188,41000000009,merchant,466
rcLebanonAA,2017-04-25T14:11:51.000Z,0x4e3a6652a4aa17242de782f40fa5195eabecd529,41000000043,beneficiary,0x52c62806a4c1bb3b6e82e3560be0769828324087,41000000010,merchant,79
rcLebanonAA,2017-04-24T15:12:14.000Z,0xd7560c0879ecfcd6deeb0c65f84f704942520fbf,41000000081,beneficiary,0x52c62806a4c1bb3b6e82e3560be0769828324087,41000000010,merchant,311
rcLebanonAA,2017-04-25T14:11:51.000Z,0xf0fe752bd3a150e93274d5f5c5d551a682da166c,41000000088,beneficiary,0x9d673ef4d2125ad125b5d05cfaa44d167b002d1f,41000000005,merchant,260
rcLebanonAA,2017-04-25T18:13:31.000Z,0x116e1be7c92286c7dad93377c8bada9a7e717b34,41000000099,beneficiary,0x36d28f184dc8248df4ca411212e6d3ed25da5209,41000000003,merchant,385
rcLebanonAA,2017-04-25T12:08:25.000Z,0xadbd8912042146b1eac6856a393e52c1cef79327,41000000021,beneficiary,0xe5c145741a2180b1fa735721000c7c29d57852c5,41000000007,merchant,257
rcLebanonAA,2017-04-25T12:08:25.000Z,0x64f44f847bafbf3009d73dcf87bf73cde7d60373,41000000061,beneficiary,0xe5c145741a2180b1fa735721000c7c29d57852c5,41000000007,merchant,555
rcLebanonAA,2017-04-25T18:00:55.000Z,0xcea3a1d2ed65dc80a8925974b60348a0c57f8f99,41000000067,beneficiary,0xe5c145741a2180b1fa735721000c7c29d57852c5,41000000007,merchant,491
